timestamp,elapsed_sec,pid,rss_kb,cpu_pct,records_ingested,rows_per_sec,wal_bytes,shard_bytes,temp_c,ingest_blocked,apply_failures,throttled
2026-10-07T00:00:00Z,0.0,4242,45000.0,0.0,100000,0.0,1048576,5242880,48.5,0,0,0x0
2026-10-07T00:00:10Z,10.0,4242,46000.0,12.5,101500,150.0,1153433,5242880,49.0,0,0,0x0
2026-10-07T00:00:20Z,20.0,4242,47500.0,14.2,103050,155.0,1258291,5242880,49.5,0,0,0x0
2026-10-07T00:00:30Z,30.0,4242,48200.0,18.0,104500,145.0,1363148,5242880,51.0,0,0,0x0
2026-10-07T00:00:40Z,40.0,4242,49000.0,15.1,106100,160.0,1468006,5500000,52.5,0,0,0x0
2026-10-07T00:00:50Z,50.0,4242,50100.0,13.9,107600,150.0,1572864,5500000,53.0,0,0,0x50000
2026-10-07T00:01:00Z,60.0,4242,51000.0,16.5,109080,148.0,1677721,5800000,52.8,0,0,0x50000
2026-10-07T00:01:10Z,70.0,4242,51500.0,14.8,110600,152.0,1782579,5800000,52.0,0,0,0x0
2026-10-07T00:01:20Z,80.0,4242,52000.0,15.2,112100,150.0,1887436,6291456,51.5,0,0,0x0
2026-10-07T00:01:30Z,90.0,4242,51800.0,14.0,113500,140.0,1992294,6291456,50.8,0,0,0x0
