category,subcategory,title,publisher,format,url,notes,fetch_check_2026_10_06
Navigation,Aids to Navigation,IALA R1001 The IALA Maritime Buoyage System (Ed 2.0),IALA (Irish Lights),PDF,https://www.irishlights.ie/media/62985/R1001-Ed20-The-IALA-Maritime-Buoyage-System.pdf,verified,ok
Navigation,Aids to Navigation,IALA R1001 The IALA Maritime Buoyage System Ed 1.1 (2017),IALA,PDF,https://www.iala.int/content/uploads/woocommerce_uploads/2017/06/R1001-The-IALA-Maritime-Buoyage-System-Ed1.1-June-2017.pdf,verified; 2017,ok
Navigation,Aids to Navigation,U.S. Aids to Navigation System plates,USCG NAVCEN,PDF,https://www.navcen.uscg.gov/sites/default/files/pdf/lightLists/ATON%20Plates.pdf,verified,ok
Navigation,Aids to Navigation,U.S. Aids to Navigation System: Markers on the Water,USCG Boating Safety,PDF,https://www.uscgboating.org/images/486.PDF,verified,ok
Navigation,Celestial,"Altitude Correction Tables (Sun, Stars, Planets)",TheNauticalAlmanac.com,PDF,https://thenauticalalmanac.com/Increments_and_Corrections/Altitude_Correction_Tables.pdf,verified,ok
Navigation,Celestial,Explanation of the Nautical Almanac Daily Pages,TheNauticalAlmanac.com,PDF,https://thenauticalalmanac.com/Explanation_of_The_Nautical_Almanac_Daily_Pages.pdf,verified,ok
Navigation,Celestial,Increments and Corrections Tables,TheNauticalAlmanac.com,PDF,https://thenauticalalmanac.com/Increments_and_Corrections/Increments_and_Corrections_Table.pdf,verified,ok
Navigation,Celestial,Lectures in Navigation (Draper),Project Gutenberg,HTML,https://www.gutenberg.org/cache/epub/27642/pg27642-images.html,verified; public domain,ok
Navigation,Celestial,Polaris Tables 2026,TheNauticalAlmanac.com,PDF,https://thenauticalalmanac.com/Increments_and_Corrections/Polaris_Tables_2026.pdf,verified; 2026,ok
Navigation,Celestial,Pub. 249 Sight Reduction Tables Vol 1 (Selected Stars) Epoch 2025,TheNauticalAlmanac.com,PDF,https://thenauticalalmanac.com/Pub_No_249/Vol_1_Epoch_2025/Pub_No_249_Vol_1_Epoch_2025.pdf,verified; Epoch 2025,ok
Navigation,Celestial,Table 4: GHA and Declination of the Sun 2001-2036 (long-term almanac),TheNauticalAlmanac.com,PDF,https://thenauticalalmanac.com/Tables/TABLE_4-_GHA_and_Declination_of_the_Sun_for_the_Years_2001_to_2036.pdf,verified; backup almanac,ok
Navigation,Celestial,The Air Almanac 2026,TheNauticalAlmanac.com,PDF,https://TheNauticalAlmanac.com/The_Air_Almanac/aira26_all.pdf,verified; 2026,ok
Navigation,Celestial,The Nautical Almanac 2026,TheNauticalAlmanac.com,PDF,https://thenauticalalmanac.com/TNARegular/2026_Nautical_Almanac.pdf,verified; 2026,ok
Navigation,Celestial,The Nautical Almanac 2026 - Compact Version,TheNauticalAlmanac.com,PDF,https://thenauticalalmanac.com/TNACompact/2026_Nautical_Almanac_compact_version.pdf,verified; 2026,ok
Navigation,Celestial,The Nautical Almanac 2027,TheNauticalAlmanac.com,PDF,https://thenauticalalmanac.com/TNARegular/2027_Nautical_Almanac.pdf,verified; 2027,ok
Navigation,Celestial,The Whys and Wherefores of Navigation (Bradford),Project Gutenberg,HTML,https://www.gutenberg.org/cache/epub/73652/pg73652-images.html,verified; public domain,ok
Navigation,Celestial,Universal Plotting Sheet,TheNauticalAlmanac.com,PDF,https://thenauticalalmanac.com/UPS/Universal_Plotting_Sheet.pdf,verified,ok
Navigation,Charts,"U.S. Chart No. 1 (13th Ed, NOAA)",NOAA OCS,PDF,https://www.nauticalcharts.noaa.gov/publications/docs/us-chart-1/ChartNo1.pdf,verified; ~109 MB,ok
Navigation,Charts,"U.S. Chart No. 1: Symbols, Abbreviations and Terms (NGA copy)",NGA/NOAA,PDF,https://msi.nga.mil/api/publications/download?type=view&key=16694005/SFH00000/ChartNo1.pdf,verified; ~3 MB,ok
Navigation,Coast Pilot,"U.S. Coast Pilot 1 - Eastport, ME to Cape Cod, MA",NOAA OCS,PDF,https://www.nauticalcharts.noaa.gov/publications/coast-pilot/files/cp1/CPB1_WEB.pdf,verified,ok
Navigation,Coast Pilot,"U.S. Coast Pilot 10 - Oregon, Washington, Hawaii and Pacific Islands",NOAA OCS,PDF,https://www.nauticalcharts.noaa.gov/publications/coast-pilot/files/cp10/CPB10_WEB.pdf,verified,ok
Navigation,Coast Pilot,"U.S. Coast Pilot 2 - Cape Cod, MA to Sandy Hook, NJ",NOAA OCS,PDF,https://www.nauticalcharts.noaa.gov/publications/coast-pilot/files/cp2/CPB2_WEB.pdf,verified,ok
Navigation,Coast Pilot,"U.S. Coast Pilot 3 - Sandy Hook, NJ to Cape Henry, VA",NOAA OCS,PDF,https://www.nauticalcharts.noaa.gov/publications/coast-pilot/files/cp3/CPB3_WEB.pdf,verified,ok
Navigation,Coast Pilot,"U.S. Coast Pilot 4 - Cape Henry, VA to Key West, FL",NOAA OCS,PDF,https://www.nauticalcharts.noaa.gov/publications/coast-pilot/files/cp4/CPB4_WEB.pdf,verified,ok
Navigation,Coast Pilot,"U.S. Coast Pilot 5 - Gulf of Mexico, Puerto Rico and Virgin Islands",NOAA OCS,PDF,https://www.nauticalcharts.noaa.gov/publications/coast-pilot/files/cp5/CPB5_WEB.pdf,verified,ok
Navigation,Coast Pilot,U.S. Coast Pilot 6 - Great Lakes and St. Lawrence River,NOAA OCS,PDF,https://www.nauticalcharts.noaa.gov/publications/coast-pilot/files/cp6/CPB6_WEB.pdf,verified,ok
Navigation,Coast Pilot,U.S. Coast Pilot 7 - California,NOAA OCS,PDF,https://www.nauticalcharts.noaa.gov/publications/coast-pilot/files/cp7/CPB7_WEB.pdf,verified,ok
Navigation,Coast Pilot,U.S. Coast Pilot 8 - Alaska: Dixon Entrance to Cape Spencer,NOAA OCS,PDF,https://www.nauticalcharts.noaa.gov/publications/coast-pilot/files/cp8/CPB8_WEB.pdf,verified,ok
Navigation,Coast Pilot,U.S. Coast Pilot 9 - Alaska: Cape Spencer to Beaufort Sea,NOAA OCS,PDF,https://www.nauticalcharts.noaa.gov/publications/coast-pilot/files/cp9/CPB9_WEB.pdf,verified,ok
Navigation,Distances,Distances Between United States Ports,NOAA OCS,PDF,https://www.nauticalcharts.noaa.gov/publications/docs/distances.pdf,verified; 2026 edition,ok
Navigation,Distances,Pub. 151 Distances Between Ports,NGA,PDF,https://msi.nga.mil/api/publications/download?type=view&key=16694076/SFH00000/Pub151bk.pdf,verified; worldwide port-to-port distances,ok
Navigation,Light List,"List of Lights, Buoys and Fog Signals - Atlantic Coast (Canada)",Canadian Coast Guard,PDF,https://www.notmar.gc.ca/publications/list-lights/atl/atlvolumee.pdf,verified; 2026,ok
Navigation,Light List,"List of Lights, Buoys and Fog Signals - Inland Waters (Canada)",Canadian Coast Guard,PDF,https://notmar.gc.ca/publications/list-lights/inland-waters/iwvolumee.pdf,verified,ok
Navigation,Light List,"List of Lights, Buoys and Fog Signals - Pacific Coast (Canada)",Canadian Coast Guard,PDF,https://www.notmar.gc.ca/publications/list-lights/pac/pacvolumee.pdf,verified,ok
Navigation,Light List,USCG Light List Volume I - Atlantic Coast (ME to NJ),USCG NAVCEN,PDF,https://www.navcen.uscg.gov/sites/default/files/pdf/lightLists/LightList_V1_2025.pdf,verified; 2025,ok
Navigation,Light List,USCG Light List Volume II - Atlantic Coast (NJ to SC),USCG NAVCEN,PDF,https://www.navcen.uscg.gov/sites/default/files/pdf/lightLists/LightList_V2_2025.pdf,verified; 2025,ok
Navigation,Light List,"USCG Light List Volume III - Atlantic and Gulf Coast, PR & USVI",USCG NAVCEN,PDF,https://www.navcen.uscg.gov/sites/default/files/pdf/lightLists/LightList_V3_2025.pdf,verified; 2025,ok
Navigation,Light List,USCG Light List Volume IV - Gulf of Mexico,USCG NAVCEN,PDF,https://www.navcen.uscg.gov/sites/default/files/pdf/lightLists/LightList_V4_2025.pdf,verified; 2025,ok
Navigation,Light List,USCG Light List Volume V - Mississippi River System,USCG NAVCEN,PDF,https://www.navcen.uscg.gov/sites/default/files/pdf/lightLists/LightList_V5_2025.pdf,verified; 2025,ok
Navigation,Light List,USCG Light List Volume VI - Pacific Coast and Pacific Islands,USCG NAVCEN,PDF,https://www.navcen.uscg.gov/sites/default/files/pdf/lightLists/LightList_V6_2025.pdf,verified; 2025,ok
Navigation,Light List,USCG Light List Volume VII - Great Lakes,USCG NAVCEN,PDF,https://www.navcen.uscg.gov/sites/default/files/pdf/lightLists/LightList_V7_2025.pdf,verified; 2025,ok
Navigation,List of Lights,"List of Lights Pub. 110 - Greenland, East Coasts of the Americas, West Indies",NGA,PDF,https://msi.nga.mil/api/publications/download?type=view&key=16694312/SFH00000/NIMA/LoL/NGA_LoL_Pub110.pdf,verified,ok
Navigation,List of Lights,"List of Lights Pub. 111 - West Coasts of the Americas, Australia, NZ, Pacific Islands",NGA,PDF,https://msi.nga.mil/api/publications/download?type=view&key=16694312/SFH00000/NIMA/LoL/NGA_LoL_Pub111.pdf,verified,ok
Navigation,List of Lights,List of Lights Pub. 112 - Western Pacific and Indian Oceans,NGA,PDF,https://msi.nga.mil/api/publications/download?type=view&key=16694312/SFH00000/NIMA/LoL/NGA_LoL_Pub112.pdf,verified,ok
Navigation,List of Lights,"List of Lights Pub. 113 - West Coasts of Europe and Africa, Mediterranean, Black Sea",NGA,PDF,https://msi.nga.mil/api/publications/download?type=view&key=16694312/SFH00000/NIMA/LoL/NGA_LoL_Pub113.pdf,verified,ok
Navigation,List of Lights,"List of Lights Pub. 114 - British Isles, English Channel, North Sea",NGA,PDF,https://msi.nga.mil/api/publications/download?type=view&key=16694312/SFH00000/NIMA/LoL/NGA_LoL_Pub114.pdf,verified,ok
Navigation,List of Lights,"List of Lights Pub. 115 - Norway, Iceland and Arctic Ocean",NGA,PDF,https://msi.nga.mil/api/publications/download?type=view&key=16694312/SFH00000/NIMA/LoL/NGA_LoL_Pub115.pdf,verified,ok
Navigation,List of Lights,"List of Lights Pub. 116 - Baltic Sea, Kattegat, Belts, Gulf of Bothnia",NGA,PDF,https://msi.nga.mil/api/publications/download?type=view&key=16694312/SFH00000/NIMA/LoL/NGA_LoL_Pub116.pdf,verified,ok
Navigation,Ports,Pub. 150 World Port Index (2019 PDF edition),NGA,PDF,https://msi.nga.mil/api/publications/download?type=view&key=16694622/SFH00000/Pub150bk.pdf,verified; 2019 edition,ok
Navigation,Radar,Pub. 1310 Radar Navigation and Maneuvering Board Manual,NGA,PDF,https://msi.nga.mil/api/publications/download?type=view&key=16694476/SFH00000/Pub1310.pdf,verified; ~51 MB,ok
Navigation,Reference,"The American Practical Navigator (Bowditch), Pub. 9 Volume I",NGA,PDF,https://msi.nga.mil/api/publications/download?type=view&key=16693975/SFH00000/Bowditch_Vol_1.pdf,verified; 2024 edition; ~174 MB high-res,ok
Navigation,Reference,"The American Practical Navigator (Bowditch), Pub. 9 Volume I - Low Resolution",NGA,PDF,https://msi.nga.mil/api/publications/download?type=view&key=16693975/SFH00000/Bowditch_Vol_1_LoRes.pdf,verified; 2024 edition; ~44 MB,ok
Navigation,Reference,"The American Practical Navigator (Bowditch), Pub. 9 Volume II (tables, formulas)",NGA,PDF,https://msi.nga.mil/api/publications/download?type=view&key=16693975/SFH00000/Bowditch_Vol_2.pdf,verified; 2024 edition; ~32 MB,ok
Navigation,Reference,"The American Practical Navigator (Bowditch), Pub. 9 Volume II - Low Resolution",NGA,PDF,https://msi.nga.mil/api/publications/download?type=view&key=16693975/SFH00000/Bowditch_Vol_2_LoRes.pdf,verified; 2024 edition; ~11 MB,ok
Navigation,Sailing Directions Enroute,Pub. 123 - Southwest Coast of Africa,NGA,PDF,https://msi.nga.mil/api/publications/download?type=view&key=16694491/SFH00000/Pub123bk.pdf,verified,ok
Navigation,Sailing Directions Enroute,Pub. 124 - East Coast of South America,NGA,PDF,https://msi.nga.mil/api/publications/download?type=view&key=16694491/SFH00000/Pub124bk.pdf,verified,ok
Navigation,Sailing Directions Enroute,Pub. 125 - West Coast of South America,NGA,PDF,https://msi.nga.mil/api/publications/download?type=view&key=16694491/SFH00000/Pub125bk.pdf,verified,ok
Navigation,Sailing Directions Enroute,Pub. 126 - Pacific Islands,NGA,PDF,https://msi.nga.mil/api/publications/download?type=view&key=16694491/SFH00000/Pub126bk.pdf,verified,ok
Navigation,Sailing Directions Enroute,Pub. 127 - East Coast of Australia and New Zealand,NGA,PDF,https://msi.nga.mil/api/publications/download?type=view&key=16694491/SFH00000/Pub127bk.pdf,verified,ok
Navigation,Sailing Directions Enroute,Pub. 131 - Western Mediterranean,NGA,PDF,https://msi.nga.mil/api/publications/download?type=view&key=16694491/SFH00000/Pub131bk.pdf,verified,ok
Navigation,Sailing Directions Enroute,Pub. 132 - Eastern Mediterranean,NGA,PDF,https://msi.nga.mil/api/publications/download?type=view&key=16694491/SFH00000/Pub132bk.pdf,verified,ok
Navigation,Sailing Directions Enroute,Pub. 141 - Scotland,NGA,PDF,https://msi.nga.mil/api/publications/download?type=view&key=16694491/SFH00000/Pub141bk.pdf,verified,ok
Navigation,Sailing Directions Enroute,Pub. 142 - Ireland and the West Coast of England,NGA,PDF,https://msi.nga.mil/api/publications/download?type=view&key=16694491/SFH00000/Pub142bk.pdf,verified,ok
Navigation,Sailing Directions Enroute,Pub. 143 - West Coast of Europe and Northwest Africa,NGA,PDF,https://msi.nga.mil/api/publications/download?type=view&key=16694491/SFH00000/Pub143bk.pdf,verified,ok
Navigation,Sailing Directions Enroute,Pub. 145 - Nova Scotia and the St. Lawrence,NGA,PDF,https://msi.nga.mil/api/publications/download?type=view&key=16694491/SFH00000/Pub145bk.pdf,verified,ok
Navigation,Sailing Directions Enroute,"Pub. 146 - Newfoundland, Labrador, and Hudson Bay",NGA,PDF,https://msi.nga.mil/api/publications/download?type=view&key=16694491/SFH00000/Pub146bk.pdf,verified,ok
Navigation,Sailing Directions Enroute,Pub. 147 - Caribbean Sea Vol I,NGA,PDF,https://msi.nga.mil/api/publications/download?type=view&key=16694491/SFH00000/Pub147bk.pdf,verified,ok
Navigation,Sailing Directions Enroute,Pub. 148 - Caribbean Sea Vol II,NGA,PDF,https://msi.nga.mil/api/publications/download?type=view&key=16694491/SFH00000/Pub148bk.pdf,verified,ok
Navigation,Sailing Directions Enroute,Pub. 153 - West Coasts of Mexico and Central America,NGA,PDF,https://msi.nga.mil/api/publications/download?type=view&key=16694491/SFH00000/Pub153bk.pdf,verified,ok
Navigation,Sailing Directions Enroute,Pub. 154 - British Columbia,NGA,PDF,https://msi.nga.mil/api/publications/download?type=view&key=16694491/SFH00000/Pub154bk.pdf,verified,ok
Navigation,Sailing Directions Enroute,Pub. 155 - East Coast of Russia,NGA,PDF,https://msi.nga.mil/api/publications/download?type=view&key=16694491/SFH00000/Pub155bk.pdf,verified,ok
Navigation,Sailing Directions Enroute,Pub. 157 - Coasts of Korea and China,NGA,PDF,https://msi.nga.mil/api/publications/download?type=view&key=16694491/SFH00000/Pub157bk.pdf,verified,ok
Navigation,Sailing Directions Enroute,Pub. 158 - Japan Vol I,NGA,PDF,https://msi.nga.mil/api/publications/download?type=view&key=16694491/SFH00000/Pub158bk.pdf,verified,ok
Navigation,Sailing Directions Enroute,Pub. 159 - Japan Vol II,NGA,PDF,https://msi.nga.mil/api/publications/download?type=view&key=16694491/SFH00000/Pub159bk.pdf,verified,ok
Navigation,Sailing Directions Enroute,Pub. 161 - South China Sea and the Gulf of Thailand,NGA,PDF,https://msi.nga.mil/api/publications/download?type=view&key=16694491/SFH00000/Pub161bk.pdf,verified,ok
Navigation,Sailing Directions Enroute,Pub. 162 - Philippine Islands,NGA,PDF,https://msi.nga.mil/api/publications/download?type=view&key=16694491/SFH00000/Pub162bk.pdf,verified,ok
Navigation,Sailing Directions Enroute,"Pub. 163 - Borneo, Jawa, Sulawesi, and Nusa Tenggara",NGA,PDF,https://msi.nga.mil/api/publications/download?type=view&key=16694491/SFH00000/Pub163bk.pdf,verified,ok
Navigation,Sailing Directions Enroute,Pub. 164 - New Guinea,NGA,PDF,https://msi.nga.mil/api/publications/download?type=view&key=16694491/SFH00000/Pub164bk.pdf,verified,ok
Navigation,Sailing Directions Enroute,Pub. 171 - East Africa and the South Indian Ocean,NGA,PDF,https://msi.nga.mil/api/publications/download?type=view&key=16694491/SFH00000/Pub171bk.pdf,verified,ok
Navigation,Sailing Directions Enroute,Pub. 172 - Red Sea and the Persian Gulf,NGA,PDF,https://msi.nga.mil/api/publications/download?type=view&key=16694491/SFH00000/Pub172bk.pdf,verified,ok
Navigation,Sailing Directions Enroute,Pub. 173 - India and the Bay of Bengal,NGA,PDF,https://msi.nga.mil/api/publications/download?type=view&key=16694491/SFH00000/Pub173bk.pdf,verified,ok
Navigation,Sailing Directions Enroute,Pub. 174 - Strait of Malacca and Sumatera,NGA,PDF,https://msi.nga.mil/api/publications/download?type=view&key=16694491/SFH00000/Pub174bk.pdf,verified,ok
Navigation,Sailing Directions Enroute,"Pub. 175 - North, West, and South Coasts of Australia",NGA,PDF,https://msi.nga.mil/api/publications/download?type=view&key=16694491/SFH00000/Pub175bk.pdf,verified,ok
Navigation,Sailing Directions Enroute,Pub. 181 - Greenland and Iceland,NGA,PDF,https://msi.nga.mil/api/publications/download?type=view&key=16694491/SFH00000/Pub181bk.pdf,verified,ok
Navigation,Sailing Directions Enroute,Pub. 182 - North and West Coasts of Norway,NGA,PDF,https://msi.nga.mil/api/publications/download?type=view&key=16694491/SFH00000/Pub182bk.pdf,verified,ok
Navigation,Sailing Directions Enroute,Pub. 183 - North Coast of Russia,NGA,PDF,https://msi.nga.mil/api/publications/download?type=view&key=16694491/SFH00000/Pub183bk.pdf,verified,ok
Navigation,Sailing Directions Enroute,Pub. 191 - English Channel,NGA,PDF,https://msi.nga.mil/api/publications/download?type=view&key=16694491/SFH00000/Pub191bk.pdf,verified,ok
Navigation,Sailing Directions Enroute,Pub. 192 - North Sea,NGA,PDF,https://msi.nga.mil/api/publications/download?type=view&key=16694491/SFH00000/Pub192bk.pdf,verified,ok
Navigation,Sailing Directions Enroute,Pub. 193 - Skagerrak and Kattegat,NGA,PDF,https://msi.nga.mil/api/publications/download?type=view&key=16694491/SFH00000/Pub193bk.pdf,verified,ok
Navigation,Sailing Directions Enroute,Pub. 194 - Baltic Sea (Southern Part),NGA,PDF,https://msi.nga.mil/api/publications/download?type=view&key=16694491/SFH00000/Pub194bk.pdf,verified,ok
Navigation,Sailing Directions Enroute,Pub. 195 - Gulf of Finland and Gulf of Bothnia,NGA,PDF,https://msi.nga.mil/api/publications/download?type=view&key=16694491/SFH00000/Pub195bk.pdf,verified,ok
Navigation,Sailing Directions Planning Guide,Pub. 120 - Pacific Ocean and Southeast Asia,NGA,PDF,https://msi.nga.mil/api/publications/download?type=view&key=16694492/SFH00000/Pub120bk.pdf,verified; 15th Ed 2025,ok
Navigation,Sailing Directions Planning Guide,Pub. 140 - North Atlantic Ocean and Adjacent Seas,NGA,PDF,https://msi.nga.mil/api/publications/download?type=view&key=16694492/SFH00000/Pub140bk.pdf,verified; 18th Ed 2025,ok
Navigation,Sailing Directions Planning Guide,Pub. 160 - South Atlantic Ocean and Indian Ocean,NGA,PDF,https://msi.nga.mil/api/publications/download?type=view&key=16694492/SFH00000/Pub160bk.pdf,verified; 15th Ed 2026,ok
Navigation,Sailing Directions Planning Guide,Pub. 180 - Arctic Ocean,NGA,PDF,https://msi.nga.mil/api/publications/download?type=view&key=16694492/SFH00000/Pub180bk.pdf,verified; 14th Ed 2026,ok
Navigation,Sailing Directions Planning Guide,Pub. 200 - Antarctica,NGA,PDF,https://msi.nga.mil/api/publications/download?type=view&key=16694492/SFH00000/Pub200bk.pdf,verified; 13th Ed 2026,ok
Navigation,Sight Reduction Tables,Pub. 229 Vol 1 - Latitudes 0-15,NGA,PDF,https://msi.nga.mil/api/publications/download?type=view&key=16694509/SFH00000/V1/Pub229Vol1.pdf,verified,ok
Navigation,Sight Reduction Tables,Pub. 229 Vol 2 - Latitudes 15-30,NGA,PDF,https://msi.nga.mil/api/publications/download?type=view&key=16694509/SFH00000/V2/Pub229Vol2.pdf,verified,ok
Navigation,Sight Reduction Tables,Pub. 229 Vol 3 - Latitudes 30-45,NGA,PDF,https://msi.nga.mil/api/publications/download?type=view&key=16694509/SFH00000/V3/Pub229Vol3.pdf,verified,ok
Navigation,Sight Reduction Tables,Pub. 229 Vol 4 - Latitudes 45-60,NGA,PDF,https://msi.nga.mil/api/publications/download?type=view&key=16694509/SFH00000/V4/Pub229Vol4.pdf,verified,ok
Navigation,Sight Reduction Tables,Pub. 229 Vol 5 - Latitudes 60-75,NGA,PDF,https://msi.nga.mil/api/publications/download?type=view&key=16694509/SFH00000/V5/Pub229Vol5.pdf,verified,ok
Navigation,Sight Reduction Tables,Pub. 229 Vol 6 - Latitudes 75-90,NGA,PDF,https://msi.nga.mil/api/publications/download?type=view&key=16694509/SFH00000/V6/Pub229Vol6.pdf,verified,ok
Navigation,Sight Reduction Tables,Pub. 249 Vol 2 - Latitudes 0-40,NGA,PDF,https://msi.nga.mil/api/publications/download?type=view&key=16694508/SFH00000/Pub249Vol2.pdf,verified,ok
Navigation,Sight Reduction Tables,Pub. 249 Vol 3 - Latitudes 39-89,NGA,PDF,https://msi.nga.mil/api/publications/download?type=view&key=16694508/SFH00000/Pub249Vol3.pdf,verified,ok
Navigation,Tides,NOAA Tidal Current Tables 2026 (via NGA),NOAA/NGA,PDF,https://msi.nga.mil/api/publications/download?type=view&key=16920955/SFH00000/Tidal_Current_Tables.pdf,verified; 2026,ok
Rules,COLREGS,Navigation Rules and Regulations Handbook (International & Inland Rules),USCG NAVCEN,PDF,https://www.navcen.uscg.gov/sites/default/files/pdf/navRules/navrules.pdf,verified; COLREGS 72 + US Inland Rules,ok
Weather,Observations,NWS Observing Handbook No. 1: Marine Surface Weather Observations,NOAA NWS,PDF,https://www.weather.gov/media/marine/ObservingHandbook1_2010_508_compliant.pdf,"verified; 2010; Beaufort, sea state",ok
Weather,Pilot Charts,Pub. 105 Atlas of Pilot Charts South Atlantic - Article,NGA,PDF,https://msi.nga.mil/api/publications/download?type=view&key=16693989/SFH00000/105article.pdf,verified,ok
Weather,Pilot Charts,Pub. 106 Atlas of Pilot Charts North Atlantic - Synopsis,NGA,PDF,https://msi.nga.mil/api/publications/download?type=view&key=16693989/SFH00000/106synop.pdf,verified; monthly charts at same prefix e.g. 106jan.pdf,ok
Weather,Pilot Charts,Pub. 107 Atlas of Pilot Charts South Pacific - Article,NGA,PDF,https://msi.nga.mil/api/publications/download?type=view&key=16693989/SFH00000/107article.pdf,verified,ok
Weather,Pilot Charts,Pub. 108 Atlas of Pilot Charts North Pacific - Article,NGA,PDF,https://msi.nga.mil/api/publications/download?type=view&key=16693989/SFH00000/108article.pdf,verified,ok
Weather,Pilot Charts,Pub. 109 Atlas of Pilot Charts Indian Ocean - Article 1,NGA,PDF,https://msi.nga.mil/api/publications/download?type=view&key=16693989/SFH00000/109article1.pdf,verified,ok
Weather,Pilot Charts,Pub. 109 Atlas of Pilot Charts Indian Ocean - Article 2,NGA,PDF,https://msi.nga.mil/api/publications/download?type=view&key=16693989/SFH00000/109article2.pdf,verified,ok
Weather,Pilot Charts,Pub. 109 Atlas of Pilot Charts Indian Ocean - Article 3,NGA,PDF,https://msi.nga.mil/api/publications/download?type=view&key=16693989/SFH00000/109article3.pdf,verified,ok
Weather,Pilot Charts,Pub. 109 Atlas of Pilot Charts Indian Ocean - Article 4,NGA,PDF,https://msi.nga.mil/api/publications/download?type=view&key=16693989/SFH00000/109article4.pdf,verified,ok
Weather,Radiofax,Worldwide Marine Radiofacsimile Broadcast Schedules,NOAA NWS,PDF,https://www.weather.gov/media/marine/rfax.pdf,verified; Mar 2025,ok
Weather,Services,"A Mariner's Guide to Marine Weather Services: Coastal, Offshore and High Seas",NOAA NWS,PDF,https://www.weather.gov/media/owlie/mw_coastal.pdf,verified,ok
Weather,Tropical Cyclones,Mariner's Guide for Hurricane Awareness in the North Atlantic Basin (2000),NOAA NHC (DOT ROSA P),PDF,https://rosap.ntl.bts.gov/view/dot/29633/dot_29633_DS1.pdf,verified; 2000; historical,bot-protected (may need browser UA)
Weather,Tropical Cyclones,Mariner's Tropical Cyclone Guide,NOAA NHC,PDF,https://www.nhc.noaa.gov/marinersguide.pdf,verified; May 2023,ok
Weather,Tropical Cyclones,NHC Marine Fact Sheet,NOAA NHC,PDF,https://www.nhc.noaa.gov/marine/outreach/Marine_Fact_Sheet.pdf,verified,ok
Communications,DSC,IMO COMSAR/Circ.35 Recommendations on MF/HF DSC Use,IMO (USCG NAVCEN),PDF,https://www.navcen.uscg.gov/sites/default/files/pdf/marcomms/dsc/Circ_35.pdf,verified; 2004,ok
Communications,GMDSS,GMDSS and the Recreational Boater,USCG NAVCEN,PDF,https://www.navcen.uscg.gov/sites/default/files/pdf/gmdss/taskForce/GMDSS_and_the_Recreational_Boater_022023.pdf,verified; Feb 2023,ok
Communications,GMDSS,GMDSS for Recreational Vessels Using VHF Radio,USCG NAVCEN,PDF,https://navcen.uscg.gov/sites/default/files/pdf/gmdss/taskForce/RVIB_3_092324.pdf,verified; Sep 2024,ok
Communications,GMDSS,Marine Safety Information in the GMDSS,USCG NAVCEN,PDF,https://www.navcen.uscg.gov/sites/default/files/pdf/gmdss/taskForce/Marine_Safety_Information_in_GMDSS%20_Rev2.pdf,verified; Rev 2,ok
Communications,GMDSS,Use of Cell Phones for Distress Alerting,USCG NAVCEN,PDF,https://www.navcen.uscg.gov/sites/default/files/pdf/gmdss/taskForce/Use_of_Cell_Phones_for_Alerting_Rev2.pdf,verified; Rev 2,ok
Communications,Radio,Pub. 117 Radio Navigational Aids,NGA,PDF,https://msi.nga.mil/api/publications/download?type=view&key=16694477/SFH00000/Pub117bk.pdf,"verified; updated 2026-07; GMDSS, NAVTEX, time signals, AMVER",ok
Communications,Radio,Radio Aids to Marine Navigation 2026 (Canada),Canadian Coast Guard,PDF,https://www.canada.ca/content/dam/ccg-gcc/documents/publications/mcts-sctm/ramn-arnm-2026-eng.pdf,verified-search; 2026,bot-protected (may need browser UA)
Communications,Signals,Pub. 102 International Code of Signals,NGA,PDF,https://msi.nga.mil/api/publications/download?type=view&key=16694273/SFH00000/Pub102bk.pdf,"verified; 2020 rev; flags, Morse, medical code, distress signals",ok
Communications,VHF,VHF-DSC Marine Radio guide,National Safe Boating Council,PDF,https://www.safeboatingcouncil.org/wp-content/uploads/2020/05/VHF-DSC-Marine-Radio.pdf,verified,ok
Radio,Amateur Regulations,47 CFR Part 97 - Amateur Radio Service,US GPO / FCC,PDF,https://www.govinfo.gov/content/pkg/CFR-2025-title47-vol5/pdf/CFR-2025-title47-vol5-part97.pdf,verified; CFR 2025 edition,ok
Radio,Band Plan,ARRL US Amateur Radio Bands Chart (black and white),ARRL,PDF,https://www.arrl.org/files/file/Regulatory/Band%20Chart/Hambands4_BW_11x8_5.pdf,verified; printable B/W,ok
Radio,Band Plan,ARRL US Amateur Radio Bands Chart (color),ARRL,PDF,https://www.arrl.org/files/file/Regulatory/Band%20Chart/Hambands4_Color_11x8_5.pdf,verified; 11x8.5,ok
Radio,Email,SailMail Primer,SailMail Association,HTML,https://sailmail.com/wp-content/uploads/2016/02/smprimer.htm,verified; single-document HTML,ok
Radio,Email,Winlink FAQ,Winlink Development Team,PDF,https://winlink.org/sites/default/files/download/wl2k_faq_9.pdf,verified,ok
Radio,Maritime Regulations,47 CFR Part 80 - Stations in the Maritime Services,US GPO / FCC,PDF,https://www.govinfo.gov/content/pkg/CFR-2025-title47-vol5/pdf/CFR-2025-title47-vol5-part80.pdf,verified; CFR 2025 edition; marine VHF/SSB/DSC rules,ok
Safety,EPIRB,Inspecting and Testing Your EPIRB,USCG NAVCEN,PDF,https://www.navcen.uscg.gov/sites/default/files/pdf/EPIRB_inspecting.pdf,verified,ok
Safety,Offshore Regulations,World Sailing Offshore Special Regulations 2026-2027,World Sailing,PDF,https://media.sailing.org/sailing/wp-content/uploads/2025/12/04124328/WS_Offshore_Special-Regulations_2026-2027_v1-Study.pdf,verified; 2026-2027,ok
Safety,Regulations,A Boater's Guide to the Federal Requirements for Recreational Boats,USCG (Illinois DNR copy),PDF,https://dnr.illinois.gov/content/dam/soi/en/web/dnr/safety/documents/federalrecreationalboatrequirements.pdf,verified; Nov 2023,ok
Seamanship,Anchoring,Rocna Anchors User's Guide,Rocna,PDF,https://toplicht.imgbolt.de/media/b8/a0/fb/1731448319/1792006_EN.pdf,verified; English; 14 pp; 0.8 MB,ok
Seamanship,Boat Crew Training,Auxiliary Training Handbook - Boat Crew ATH 16794.51C,US Coast Guard Auxiliary,PDF,https://wow.uscgaux.info/Uploads_wowII/BX-GROUP/Auxiliary_Training_Handbook-Boat_Crew_ATH-16794.51C_Electronic_Signature.pdf,verified,ok
Seamanship,Boatbuilding,Boat-Building and Boating,Daniel Carter Beard,EPUB,https://www.gutenberg.org/cache/epub/44228/pg44228-images.epub,verified; Project Gutenberg #44228,ok
Seamanship,Damage Control,Damage Controlman (NAVEDTRA 14057),US Navy,PDF,https://everyspec.com/USN/NAVEDTRA/download.php?spec=NAVEDTRA_14057_AUG2003.018403.PDF,verified; Aug 2003; 9.2 MB,ok
Seamanship,Dictionary,The Sailor's Word-Book,Admiral W. H. Smyth,EPUB,https://www.gutenberg.org/cache/epub/26000/pg26000-images.epub,verified; Project Gutenberg #26000; maritime dictionary,ok
Seamanship,General,Boatswain's Mate 2c (NAVPERS 10005),US Navy,PDF,https://archive.org/download/BoatswainsMate2cNAVPERS/BoatswainsMate2cNAVPERS.pdf,verified; 1944; 23.6 MB,ok
Seamanship,General,FM 55-501 Marine Crewman's Handbook,US Army,PDF,https://archive.org/download/FM_55_501_M_C_H_1999/FM%2055-501%20Marine%20Crewmans%20Handbook%20%281999%29.pdf,verified; 1999; 10.2 MB,ok
Seamanship,General,Seaman (NAVEDTRA 14067),US Navy,PDF,https://everyspec.com/USN/NAVEDTRA/download.php?spec=NAVEDTRA_14067_JAN1993.048511.pdf,verified; Jan 1993 w/ errata; 3.4 MB; incl marlinespike,ok
Seamanship,General,The Seaman's Friend (Dana),Richard Henry Dana Jr.,PDF,https://archive.org/download/TheSeamansFriend/TheSeamansFriend.pdf,verified; public domain; 8.3 MB,ok
Seamanship,Knots,"Knots, Bends, Splices",Captain Jutsum,EPUB,https://www.gutenberg.org/cache/epub/30983/pg30983-images.epub,verified; Project Gutenberg #30983,ok
Seamanship,Knots,"Knots, Splices and Rope Work",A. Hyatt Verrill,EPUB,https://www.gutenberg.org/cache/epub/13510/pg13510-images.epub,verified; Project Gutenberg #13510,ok
Seamanship,Knots,Knots: A Study of Marlinespike Seamanship,Arthur F. Aldridge,EPUB,https://www.gutenberg.org/cache/epub/78376/pg78376-images.epub,verified; Project Gutenberg #78376,ok
Seamanship,Manuals,FM 55-501 Marine Crewman's Handbook,U.S. Army (Internet Archive),PDF,https://archive.org/download/ost-military-doctrine-fm55_501/fm55_501.pdf,verified; 731 pages,ok
Seamanship,Manuals,Seaman NAVEDTRA 14067,U.S. Navy (Nashville Sea Cadets),PDF,https://www.nashvilleseacadets.org/s/Seaman.pdf,verified; 1993,ok
Seamanship,Seamanship,MEBS Seamanship Manual NYNMINST 3120.2,New York Naval Militia,PDF,https://dmna.ny.gov/forms/naval/NYNMINST_3120_2_MEBS_Seamanship_Manual.pdf,verified,ok
Seamanship,Seamanship,The Seaman's Friend: A Treatise on Practical Seamanship,Richard Henry Dana Jr.,EPUB,https://www.gutenberg.org/cache/epub/40958/pg40958-images.epub,verified; Project Gutenberg #40958; includes dictionary of sea terms,ok
Seamanship,Small Boat Sailing,On Yacht Sailing: A Simple Treatise for Beginners,Thomas Fleming Day,EPUB,https://www.gutenberg.org/cache/epub/45493/pg45493-images.epub,verified; Project Gutenberg #45493,ok
Medical,Austere Medicine,Ranger Medic Handbook 2022,75th Ranger Regiment / US Army,PDF,https://archive.org/download/ranger-medic-handbook-official-2022-edition/Ranger%20Medic%20Handbook%20Official%202022%20Edition.pdf,verified; 2022 ed; 102MB,ok
Medical,Austere Medicine,ST 31-91B Special Forces Medical Handbook,US Army,PDF,https://archive.org/download/ST_31-91B_Special_Forces_Medical_Handbook/ST_31-91B_Special_Forces_Medical_Handbook.pdf,verified; 1982; 21MB,ok
Medical,Clinical Guidelines,MSF Clinical Guidelines - Diagnosis and Treatment Manual,Medecins Sans Frontieres,PDF,https://medicalguidelines.msf.org/sites/default/files/2026-05/guideline-170-en.pdf,verified; 2026 export; 6.8MB,ok
Medical,Cold Water Survival,A Pocket Guide to Cold Water Survival,International Maritime Organization,PDF,https://archive.org/download/pocketguidetocol00inte/pocketguidetocol00inte.pdf,verified; IMO; 2.2MB scan,ok
Medical,Dental,Endorsement: Avulsion of Permanent Teeth (IADT guideline),American Academy of Pediatric Dentistry,PDF,https://www.aapd.org/media/policies_guidelines/e_avulsion.pdf,verified,ok
Medical,Dental,IADT Guidelines 2020: General Introduction,International Association of Dental Traumatology,PDF,https://www.socendochile.cl/upfiles/userfiles/file/Manejo%20trauma%202020%20Intro.pdf,verified; 2020; 0.5MB; mirror,ok
Medical,Dental,IADT Guidelines for Management of Traumatic Dental Injuries 2020: Avulsion of Permanent Teeth,International Association of Dental Traumatology,PDF,https://www.socendochile.cl/upfiles/userfiles/file/Manejo%20trauma%202020%20II%20Avulsion.pdf,verified; 2020; 0.9MB; mirror,ok
Medical,Dental,Where There Is No Dentist (full book),Hesperian Health Guides,PDF,https://archive.org/download/WhereThereIsNoDentist-MurrayDickson/22.MurrayDickson-WhereThereIsNoDentist.pdf,verified; full book; 7.1MB,ok
Medical,Dental,Where There Is No Dentist ch.10 How to Treat a Cavity,Hesperian Health Guides,PDF,https://hesperian.org/wp-content/uploads/pdf/en_dent_2024/en_dent_2024_10.pdf,verified; 2024 edition chapter,ok
Medical,Dental,Where There Is No Dentist ch.11 Taking Out a Tooth,Hesperian Health Guides,PDF,https://hesperian.org/wp-content/uploads/pdf/en_dent_2024/en_dent_2024_11.pdf,verified; 2024 edition chapter,ok
Medical,Dental,Where There Is No Dentist ch.7 Treating Some Common Problems,Hesperian Health Guides,PDF,https://hesperian.org/wp-content/uploads/pdf/en_dent_2024/en_dent_2024_07.pdf,verified; 2024 edition chapter,ok
Medical,Dental,Where There Is No Dentist ch.9 Injecting Inside the Mouth,Hesperian Health Guides,PDF,https://hesperian.org/wp-content/uploads/pdf/en_dent_2024/en_dent_2024_09.pdf,verified; 2024 edition chapter,ok
Medical,Dental,"Where There Is No Doctor ch.17 The Teeth, Gums, and Mouth",Hesperian Health Guides,PDF,https://hesperian.org/wp-content/uploads/pdf/en_wtnd_2025/en_wtnd_2025_17.pdf,verified; 2025 edition chapter,ok
Medical,Diving Medicine,CDC Yellow Book: Scuba Diving - Decompression Illness and Other Dive-Related Injuries,US CDC,HTML,https://www.cdc.gov/yellow-book/hcp/environmental-hazards-risks/scuba-diving-decompression-illness-and-other-dive-related-injuries.html,verified-search; Yellow Book 2026 HTML chapter,bot-protected (may need browser UA)
Medical,Diving Medicine,DAN Decompression Sickness Medical Reference,Divers Alert Network,PDF,https://dan.org/wp-content/uploads/2020/07/Decompression-Sickness-DAN-Dive-Medical-Reference.pdf,verified; 1.1MB,ok
Medical,Diving Medicine,DAN Hazardous Marine Life Medical Reference,Divers Alert Network,PDF,https://dan.org/wp-content/uploads/2020/07/HMLI-DAN-Dive-Medical-Reference.pdf,"verified; 1.3MB; envenomations, seafood poisoning, trauma",ok
Medical,Diving Medicine,SDSU Diving Accident Management Manual,San Diego State University,PDF,https://cmi.sdsu.edu/wp-content/uploads/2016/02/SDSU-DIVING-ACCIDENT-MANAGEMENT-MANUAL-12-12.pdf,verified; 2012; 0.3MB,ok
Medical,Emergency Care,Basic Emergency Care: Approach to the Acutely Ill and Injured (participant workbook),World Health Organization,PDF,https://iris.who.int/server/api/core/bitstreams/63432b9f-8808-44c5-9692-cea717c0cbda/content,verified; WHO/ICRC 2018; 4.3MB,ok
Medical,First Aid,FM 4-25.11 First Aid,US Army,PDF,https://archive.org/download/FM4-25.11/FM4-25.11.pdf,verified; 2002; 2.5MB,ok
Medical,First Aid,"International First Aid, Resuscitation and Education Guidelines 2020",IFRC Global First Aid Reference Centre,PDF,https://www.ifrc.org/sites/default/files/2022-02/EN_GFARC_GUIDELINES_2020.pdf,verified; 2020; 4.4MB,ok
Medical,First Aid,Where There Is No Doctor ch.10 First Aid,Hesperian Health Guides,PDF,https://hesperian.org/wp-content/uploads/pdf/en_wtnd_2025/en_wtnd_2025_10.pdf,verified; 2025 edition chapter,ok
Medical,General Medicine,Hospital Corpsman NAVEDTRA 14295,US Navy,PDF,https://archive.org/download/hospital-corpsman-nonresident-training-course-navedtra-14295/Hospital%20Corpsman%20-%20Nonresident%20Training%20Course%20-%20NAVEDTRA%2014295.pdf,verified; 12.3MB,ok
Medical,General Medicine,IMAI District Clinician Manual: Hospital Care for Adolescents and Adults Vol 1,World Health Organization,PDF,https://iris.who.int/server/api/core/bitstreams/ebb5d5b5-7fb2-4163-a9dd-a3a8598ef13f/content,verified; 2011; 2.9MB,ok
Medical,General Medicine,IMAI District Clinician Manual: Hospital Care for Adolescents and Adults Vol 2,World Health Organization,PDF,https://iris.who.int/server/api/core/bitstreams/8ca41728-72d6-4c6b-87cc-6c7c30fd1d17/content,verified; 2011; 3.9MB,ok
Medical,General Medicine,Where There Is No Doctor (full book),Hesperian Health Guides,PDF,https://archive.org/download/WhereThereIsNoDoctor-English-DavidWerner/14.DavidWerner-WhereThereIsNoDoctor.pdf,verified; full book older printing; 8.7MB,ok
Medical,General Medicine,Where There Is No Doctor ch.14 Serious Illnesses That Need Special Medical Attention,Hesperian Health Guides,PDF,https://hesperian.org/wp-content/uploads/pdf/en_wtnd_2025/en_wtnd_2025_14.pdf,verified; 2025 edition chapter,ok
Medical,General Medicine,Where There Is No Doctor ch.7 Antibiotics: What They Are and How to Use Them,Hesperian Health Guides,PDF,https://hesperian.org/wp-content/uploads/pdf/en_wtnd_2025/en_wtnd_2025_07.pdf,verified; 2025 edition chapter,ok
Medical,Infectious Disease,Communicable Disease Control in Emergencies: A Field Manual,World Health Organization,PDF,https://iris.who.int/server/api/core/bitstreams/a724030b-5825-4b5e-8577-b94ffa807f2d/content,verified; 2005; 1.5MB,ok
Medical,Medicines,MSF Essential Drugs - Practical Guide,Medecins Sans Frontieres,PDF,https://medicalguidelines.msf.org/sites/default/files/pdf/guideline-339-en.pdf,verified; 2026 export; 2.8MB,ok
Medical,Medicines,WHO Model Formulary 2008,World Health Organization,PDF,https://iris.who.int/server/api/core/bitstreams/614b1dd8-8006-489d-a83c-51c657f8d3f2/content,verified; 2008; 3.7MB,ok
Medical,Medicines,WHO Model Formulary for Children 2010,World Health Organization,PDF,https://iris.who.int/server/api/core/bitstreams/ce78cf9a-ab0f-446e-a602-8b7e858cce41/content,verified; 2010; 3.0MB,ok
Medical,Medicines,WHO Model List of Essential Medicines 24th list (2025),World Health Organization,PDF,https://iris.who.int/server/api/core/bitstreams/17642505-ecd3-4940-a691-4f1dfa0d835a/content,verified; 2025; 1.4MB,ok
Medical,Medicines,"Where There Is No Doctor Green Pages: Uses, Dosage and Precautions for Medicines",Hesperian Health Guides,PDF,https://hesperian.org/wp-content/uploads/pdf/en_wtnd_2025/en_wtnd_2025_gp.pdf,verified; 2025 edition chapter,ok
Medical,Medicines,Where There Is No Doctor ch.23 The Medicine Kit,Hesperian Health Guides,PDF,https://hesperian.org/wp-content/uploads/pdf/en_wtnd_2025/en_wtnd_2025_23.pdf,verified; 2025 edition chapter,ok
Medical,Mental Health,Doing What Matters in Times of Stress: An Illustrated Guide,World Health Organization,PDF,https://iris.who.int/server/api/core/bitstreams/65bb7c04-5180-4773-a0d8-0d5be2cc35a0/content,verified; 2020; 3.4MB,ok
Medical,Mental Health,Promoting Community Mental Health ch.2 Stresses Affect Mental Health,Hesperian Health Guides,PDF,https://hesperian.org/wp-content/uploads/pdf/en_pcmh_2025/en_pcmh_2025_02.pdf,verified; 2025 edition chapter,ok
Medical,Mental Health,Promoting Community Mental Health ch.4 People in Crisis,Hesperian Health Guides,PDF,https://hesperian.org/wp-content/uploads/pdf/en_pcmh_2025/en_pcmh_2025_04.pdf,verified; 2025 edition chapter,ok
Medical,Mental Health,Promoting Community Mental Health ch.9 Helping Ourselves to Do This Work,Hesperian Health Guides,PDF,https://hesperian.org/wp-content/uploads/pdf/en_pcmh_2025/en_pcmh_2025_09.pdf,verified; 2025 edition chapter,ok
Medical,Mental Health,Psychological First Aid Field Operations Guide 2nd ed.,NCTSN / National Center for PTSD,PDF,https://psychiatry.uw.edu/wp-content/uploads/2020/04/2.-NCTSN-pfa_field_operations_guide.pdf,verified; 2nd ed 2006; 3.4MB; mirror,ok
Medical,Mental Health,Psychological First Aid: Guide for Field Workers,World Health Organization,PDF,https://iris.who.int/server/api/core/bitstreams/e7e129fb-b306-496d-84a5-67bb70abc130/content,verified; 2011; 1.5MB,ok
Medical,Mental Health,mhGAP Humanitarian Intervention Guide (mhGAP-HIG),World Health Organization,PDF,https://iris.who.int/server/api/core/bitstreams/8526b61b-e81b-4458-9d68-4f4ac712831f/content,verified; 2015; 1.0MB,ok
Medical,Mental Health,mhGAP Intervention Guide version 2.0,World Health Organization,PDF,https://iris.who.int/server/api/core/bitstreams/6ded7ffd-9d69-493a-b48a-0b3e6250c173/content,verified; 2016; 3.6MB,ok
Medical,Obstetrics,A Book for Midwives (full book),Hesperian Health Guides,PDF,https://archive.org/download/ABookForMidwives/26.SusanKlien-ABookForMidwives.pdf,verified; full book; 13.7MB,ok
Medical,Obstetrics,A Book for Midwives ch.13 Birth of the Placenta: Stage 3 of Labor,Hesperian Health Guides,PDF,https://hesperian.org/wp-content/uploads/pdf/en_midw_2026/en_midw_2026_13.pdf,verified; 2026 edition chapter,ok
Medical,Obstetrics,A Book for Midwives ch.14 The First Few Hours After the Birth,Hesperian Health Guides,PDF,https://hesperian.org/wp-content/uploads/pdf/en_midw_2026/en_midw_2026_14.pdf,verified; 2026 edition chapter,ok
Medical,Obstetrics,MSF Essential Obstetric and Newborn Care,Medecins Sans Frontieres,PDF,https://medicalguidelines.msf.org/sites/default/files/pdf/guideline-449-en.pdf,verified; 2025 export; 4.9MB,ok
Medical,Obstetrics,Managing Complications in Pregnancy and Childbirth (MCPC) 2nd ed.,World Health Organization,PDF,https://iris.who.int/server/api/core/bitstreams/3bda1306-da5d-487d-b2ad-aff995112a7a/content,verified; 2017; 5.1MB,ok
Medical,Obstetrics,Pocket Book of Hospital Care for Mothers,World Health Organization,PDF,https://iris.who.int/server/api/core/bitstreams/a8f35ece-ab29-4bd6-93f7-7722da498e85/content,verified; 2017 SEARO; 13.5MB,ok
Medical,Pediatrics,Emergency Triage Assessment and Treatment (ETAT) Manual for Participants,World Health Organization,PDF,https://iris.who.int/server/api/core/bitstreams/defcbf2b-9d70-4610-b5a3-dd6d46301994/content,verified; 2005; 0.6MB,ok
Medical,Pediatrics,Pocket Book of Hospital Care for Children 2nd ed.,World Health Organization,PDF,https://iris.who.int/server/api/core/bitstreams/8f110da0-22e6-4ef1-90e4-c9f1b7daa363/content,verified; 2013; 3.1MB,ok
Medical,Ship Medicine,International Medical Guide for Ships 3rd ed. (incl. ship's medicine chest),World Health Organization,PDF,https://iris.who.int/server/api/core/bitstreams/d834ff4a-6e90-4812-b2b1-b89785c30c35/content,verified; 3rd ed 2007; 2.3MB,ok
Medical,Ship Medicine,Quantification Addendum: International Medical Guide for Ships 3rd ed.,World Health Organization,PDF,https://iris.who.int/server/api/core/bitstreams/fe31688e-bc8a-4522-8cf4-5d76bb5f8967/content,verified; 2010; 1.5MB,ok
Medical,Ship Medicine,"Ship Captain's Medical Guide - Annex I: anatomy, physiology; annex II: anatomical drawings",UK Maritime and Coastguard Agency,PDF,https://assets.publishing.service.gov.uk/media/5da84a3040f0b6598ce50e16/mcga-shs_capt_guide_annex.pdf,verified; 22nd ed; 0.9MB,ok
Medical,Ship Medicine,Ship Captain's Medical Guide - Chapter 10: childbirth,UK Maritime and Coastguard Agency,PDF,https://assets.publishing.service.gov.uk/media/5da84a0240f0b6598b1337e2/mcga-shs_capt_guide_chap10.pdf,verified; 22nd ed; 0.7MB,ok
Medical,Ship Medicine,Ship Captain's Medical Guide - Chapter 11: survivors,UK Maritime and Coastguard Agency,PDF,https://assets.publishing.service.gov.uk/media/5da84a0ced915d429a92b5a2/mcga-shs_capt_guide_chap11.pdf,verified; 22nd ed; 0.6MB,ok
Medical,Ship Medicine,Ship Captain's Medical Guide - Chapter 12: the dying and the dead,UK Maritime and Coastguard Agency,PDF,https://assets.publishing.service.gov.uk/media/5da84a17e5274a5cb238de48/mcga-shs_capt_guide_chap12.pdf,verified; 22nd ed; 0.6MB,ok
Medical,Ship Medicine,Ship Captain's Medical Guide - Chapter 13: external assistance,UK Maritime and Coastguard Agency,PDF,https://assets.publishing.service.gov.uk/media/5da84a23ed915d429d114666/mcga-shs_capt_guide_chap13.pdf,verified; 22nd ed; 0.6MB,ok
Medical,Ship Medicine,Ship Captain's Medical Guide - Chapter 1: first aid,UK Maritime and Coastguard Agency,PDF,https://assets.publishing.service.gov.uk/media/5da849dded915d429bbb9ffe/mcga-shs_capt_guide_chap1.pdf,verified; 22nd ed; 1.7MB,ok
Medical,Ship Medicine,Ship Captain's Medical Guide - Chapter 2: toxic hazards of chemicals including poisoning,UK Maritime and Coastguard Agency,PDF,https://assets.publishing.service.gov.uk/media/5da849dc40f0b6598782900f/mcga-shs_capt_guide_chap2.pdf,verified; 22nd ed; 0.6MB,ok
Medical,Ship Medicine,Ship Captain's Medical Guide - Chapter 3: general nursing,UK Maritime and Coastguard Agency,PDF,https://assets.publishing.service.gov.uk/media/5da849dc40f0b65980acf4e7/mcga-shs_capt_guide_chap3.pdf,verified; 22nd ed; 0.9MB,ok
Medical,Ship Medicine,Ship Captain's Medical Guide - Chapter 4: care of the injured,UK Maritime and Coastguard Agency,PDF,https://assets.publishing.service.gov.uk/media/5da849dc40f0b6598ab2b19a/mcga-shs_capt_guide_chap4.pdf,verified; 22nd ed; 0.8MB,ok
Medical,Ship Medicine,Ship Captain's Medical Guide - Chapter 5: causes and prevention of disease,UK Maritime and Coastguard Agency,PDF,https://assets.publishing.service.gov.uk/media/5da849dd40f0b6598b1337e1/mcga-shs_capt_guide_chap5.pdf,verified; 22nd ed; 0.6MB,ok
Medical,Ship Medicine,Ship Captain's Medical Guide - Chapter 6.1: sexually transmitted diseases,UK Maritime and Coastguard Agency,PDF,https://assets.publishing.service.gov.uk/media/5da849dde5274a5ca76d50e1/mcga-shs_capt_guide_chap6.1.pdf,verified; 22nd ed; 0.6MB,ok
Medical,Ship Medicine,Ship Captain's Medical Guide - Chapter 6: communicable diseases,UK Maritime and Coastguard Agency,PDF,https://assets.publishing.service.gov.uk/media/5da849dd40f0b6598f806440/mcga-shs_capt_guide_chap6.pdf,verified; 22nd ed; 0.7MB,ok
Medical,Ship Medicine,Ship Captain's Medical Guide - Chapter 7: other diseases and medical problems,UK Maritime and Coastguard Agency,PDF,https://assets.publishing.service.gov.uk/media/5da849dd40f0b659847e017e/mcga-shs_capt_guide_chap7.pdf,verified; 22nd ed; 1.0MB,ok
Medical,Ship Medicine,Ship Captain's Medical Guide - Chapter 8: diseases of fishermen,UK Maritime and Coastguard Agency,PDF,https://assets.publishing.service.gov.uk/media/5da849e540f0b6598ce50e15/mcga-shs_capt_guide_chap8.pdf,verified; 22nd ed; 0.6MB,ok
Medical,Ship Medicine,Ship Captain's Medical Guide - Chapter 9: female disorders and pregnancy,UK Maritime and Coastguard Agency,PDF,https://assets.publishing.service.gov.uk/media/5da849f7ed915d42a2f38d1b/mcga-shs_capt_guide_chap9.pdf,verified; 22nd ed; 0.6MB,ok
Medical,Ship Medicine,The Ship's Medicine Chest and Medical Aid at Sea (USPHS),US Public Health Service,PDF,https://archive.org/download/gov.law.usphs.ships.2003/usphs.ships.2003.pdf,verified; 2003 rev; 4.2MB; public domain,ok
Medical,Surgery,Surgical Care at the District Hospital,World Health Organization,PDF,https://iris.who.int/server/api/core/bitstreams/8ece1ef3-1a8f-4003-a0a9-d46c3fa4f748/content,verified; 2003; 7.0MB,ok
Medical,Trauma,"ATP 4-02.11 Casualty Response, Tactical Combat Casualty Care and First Aid",US Army,PDF,"https://archive.org/download/army-techniques-publication-for-casualty-response-tactical-combat-casualty-care-/Army%20Techniques%20Publication%20for%20Casualty%20Response,%20Tactical%20Combat%20Casualty%20Care%20and%20First%20Aid%20-%20ATP%204-02.11%20(March%202026).pdf",verified; March 2026; 12.7MB,ok
Medical,Trauma Surgery,Emergency War Surgery 5th US Revision,Borden Institute / US Army,PDF,https://archive.org/download/ews5man-mil/ews5man.pdf,verified; 5th ed 2018; 30MB,ok
Medical,Travel Medicine,"CDC Yellow Book: Food Poisoning from Marine Toxins (ciguatera, scombroid, shellfish)",US CDC,HTML,https://www.cdc.gov/yellow-book/hcp/environmental-hazards-risks/food-poisoning-from-marine-toxins.html,verified-search; Yellow Book 2026 HTML chapter,bot-protected (may need browser UA)
Medical,Tropical Medicine,"Dengue: Guidelines for Diagnosis, Treatment, Prevention and Control",World Health Organization,PDF,https://iris.who.int/server/api/core/bitstreams/b1db05d8-0e97-469e-b529-464dca6de540/content,verified; 2009; 1.5MB,ok
Medical,Tropical Medicine,Guidelines for the Management of Snakebites 2nd ed.,World Health Organization,PDF,https://iris.who.int/server/api/core/bitstreams/203cc3ab-107a-4ae6-9794-c477ed559ab3/content,verified; WHO SEARO 2016; 26MB,ok
Medical,Tropical Medicine,Management of Severe Malaria: A Practical Handbook 3rd ed.,World Health Organization,PDF,https://iris.who.int/server/api/core/bitstreams/b1327bf7-cf2e-45fe-9bef-1d65ce35fb44/content,verified; 2012; 3.5MB,ok
Medical,Tropical Medicine,Protocol for Rabies Post-Exposure Prophylaxis Delivery,World Health Organization,PDF,https://iris.who.int/server/api/core/bitstreams/0cfa3256-5c56-4ce0-a676-1590e138d89e/content,verified; 2024; 1.4MB,ok
Medical,Tropical Medicine,WHO Guidelines for Malaria (10 September 2026),World Health Organization,PDF,https://iris.who.int/server/api/core/bitstreams/d3c6488b-3ee6-41cb-960f-ddf0202cd74d/content,verified; Sept 2026; 3.5MB,ok
Medical,Wilderness Medicine,WMS Clinical Practice Guidelines for Treatment of Acute Pain in Austere Environments,Wilderness Medical Society (UCLan repository),PDF,https://clok.uclan.ac.uk/id/eprint/51334/1/CPG%20revision%202.0%20Clean.pdf,verified; 2024 accepted manuscript; 0.6MB,ok
Medical,Women's Health,Where Women Have No Doctor (full book),Hesperian Health Guides,PDF,https://archive.org/download/WhereWomenHaveNoDoctor/18.HersperianFoundation-WhereWomenHaveNoDoctor.pdf,verified; full book; 12MB,ok
Boat Systems,Heads,Jabsco Lite Flush Electric Toilet Manual,Jabsco / Xylem,PDF,https://maritimo.at/media/79/e9/d1/1705845416/benutzerhandbuch_jabsco-lite-flush_en.pdf,verified; English; 1.2 MB,ok
Boat Systems,Heads,Raritan PHII Marine Toilet Owner's Manual,Raritan Engineering,PDF,https://defender.com/assets/pdf/raritan/l584v0222-phii-om-cfd2b70c.pdf,verified; rev 0222; 2.9 MB; hosted by Defender,ok
Boat Systems,Refrigeration,Isotherm Magnum Installation & Operating Manual,Indel Webasto Marine / Isotherm,PDF,https://defender.ca/assets/pdf/isotherm/2513-magnum-install-operating-manual.pdf,verified; 1.5 MB; hosted by Defender,ok
Boat Systems,Tools/Metalwork,Basic Machines (NAVEDTRA 14037),US Navy,PDF,https://archive.org/download/navedtra-14037-basic-machines-1994/NAVEDTRA14037_Basic_machines_1994.pdf,verified; 1994; 8.6 MB,ok
Boat Systems,Tools/Metalwork,Blueprint Reading and Sketching (NAVEDTRA 14040),US Navy,PDF,https://everyspec.com/USN/NAVEDTRA/download.php?spec=NAVEDTRA_14040_MAY1994.018376.PDF,verified; May 1994; 10.8 MB,ok
Boat Systems,Tools/Metalwork,Machinery Repairman 3 & 2,US Navy,PDF,https://archive.org/download/machineryrepairm003995mbp/machineryrepairm003995mbp.pdf,verified; 48 MB,ok
Boat Systems,Tools/Metalwork,Machinery Repairman 3 & 2 Rate Training Manual (Revised),US Navy (via ERIC),PDF,https://archive.org/download/ERIC_ED203130/ERIC_ED203130.pdf,verified; 1981 rev; 15 MB,ok
Boat Systems,Tools/Metalwork,Steelworker Volume 1 (NAVEDTRA 14250),US Navy,PDF,https://everyspec.com/USN/NAVEDTRA/download.php?spec=NAVEDTRA_14250_VOLUME-1_NOV1996.018385.PDF,verified; Nov 1996; 25.9 MB; welding/cutting/metals,ok
Boat Systems,Tools/Metalwork,Steelworker Volume 2 (NAVEDTRA 14251),US Navy,PDF,https://everyspec.com/USN/NAVEDTRA/download.php?spec=NAVEDTRA_14251_VOLUME-2_NOV1996.018386.PDF,verified; Nov 1996; 25.7 MB,ok
Boat Systems,Tools/Metalwork,TM 9-2852 Welding Theory and Application,US Army,PDF,https://archive.org/download/TM9-2852/TM9-2852.pdf,verified; 1943; 67 MB,ok
Boat Systems,Tools/Metalwork,Tools and Their Uses (NAVEDTRA 14256),US Navy,PDF,https://everyspec.com/USN/NAVEDTRA/download.php?spec=NAVEDTRA_14256_JUN1992.018379.PDF,verified; Jun 1992; 20.8 MB,ok
Boat Systems,Tools/Metalwork,Use and Care of Hand Tools and Measuring Tools (TO 32-1-101),US Air Force / Navy / Army,PDF,https://archive.org/download/32-1-101/32-1-101.pdf,verified; 6.2 MB,ok
Boat Systems,Watermakers,Katadyn PowerSurvivor 40E Owner's Manual,Katadyn,PDF,https://defender.com/assets/pdf/katadyn/500001_manual.pdf,verified; 37 pp; 1.6 MB; hosted by Defender,ok
Boat Systems,Watermakers,Schenker Zen 30 Watermaker Manual (12/24V),Schenker Watermakers,PDF,https://maritimo.at/media/14/38/42/1705845531/manual-zen30-12-24v.pdf,verified; 3.6 MB,ok
Boat Systems,Watermakers,Spectra Ventura Watermaker Installation & Operation Manual,Spectra Watermakers,PDF,https://defender.com/assets/pdf/spectra-watermakers/ventura_install.pdf,verified; 4.0 MB; hosted by Defender,ok
Boat Systems,Windlass,Lewmar V1-6 Windlass Manual,Lewmar,PDF,https://defender.com/assets/legacy-defender/pdf/Manual_V1_6.pdf,verified; 7.9 MB; hosted by Defender,ok
Boat Systems,Windlass,Lewmar V2/V3 Windlass Owner's Manual,Lewmar,PDF,https://parts.argoyachting.com/wp-content/uploads/T2173-Lewmar-UK-V2-3-65001201-Issue-1-WEB.pdf,verified; 65001201 issue 1; 2.0 MB,ok
Boat Systems,Windlass,Lofrans Horizontal Windlasses Installation and User's Manual,Lofrans,PDF,https://toplicht.imgbolt.de/media/88/61/09/1731448294/1750021.pdf,verified; multilingual incl EN; 55 pp; 1.8 MB,ok
Boat Systems,Windlass,Lofrans Tigres Rope Kit Installation Manual,Lofrans,PDF,https://www.pocomarine.com/wp-content/uploads/2025/04/Tigres-Rope-Kit-Installation-Manual.pdf,verified; 0.9 MB,ok
Engines,Diesel,Engineman 3 & 2 Rate Training Manual,US Navy (via ERIC),PDF,https://archive.org/download/ERIC_ED178727/ERIC_ED178727.pdf,verified; 1979 ed; 52 MB,ok
Engines,Diesel,Engineman 3 (NAVPERS 10539),US Navy,PDF,https://archive.org/download/Engineman310539/Engineman3-10539-1957.pdf,verified; 1957 ed; 115 MB,ok
Engines,Diesel,Universal M-25XPB / M-35B / M-40B Service Manual,Westerbeke / Universal,PDF,https://www.c34.org/wiki/images/d/d6/UNUSED_M25xpb_m35b_m40b_service_manual_ocr.pdf,verified; OCR scan; 17 MB; hosted by Catalina 34 assoc,ok
Engines,Diesel,Universal M-25XPB / M-35B / M-40B Technical Manual,Westerbeke / Universal,PDF,https://www.c34.org/wiki/images/b/bb/200554_m-25xpb_m35b_m40b_technical_man.pdf,verified; pub 200554; 4.5 MB; hosted by Catalina 34 assoc,ok
Engines,Diesel,Universal M12-M35 Technical Manual,Westerbeke / Universal,PDF,https://www.c34.org/wiki/images/6/6f/200155_rev2_m12-m35_technical_man.pdf,verified; pub 200155 rev 2; 19.7 MB,ok
Engines,Diesel,Universal M12-M50 Operator's Manual,Westerbeke / Universal,PDF,https://www.c34.org/wiki/images/6/6c/200157_m12-m50_operator_man_ocr.pdf,verified; pub 200157; 2.4 MB,ok
Engines,Hydraulics,Fluid Power (NAVEDTRA 12964),US Navy,PDF,https://everyspec.com/USN/NAVEDTRA/download.php?spec=NAVEDTRA_12964(JULY1990).00000769.PDF,verified; Jul 1990; 4.5 MB,ok
Engines,Machinery,Fireman Naval Rate Training Manual,US Navy (via ERIC),PDF,https://archive.org/download/ERIC_ED126343/ERIC_ED126343.pdf,verified; 1970s ed; 10 MB,ok
Engines,Outboard,Yamaha F9.9H / F15C / F20B Outboard Owner's Manual,Yamaha Motor,PDF,https://eurofritid.no/file/yamaha/manualf99hf15cf20b.pdf,verified; 6AG-28199-79-E0; 94 pp; 4.6 MB,ok
Electrical,Battery Monitoring,BMV and SmartShunt Battery Monitor Manual,Victron Energy,PDF,https://www.victronenergy.com/upload/documents/BMV-712_Smart/9172-Manual_BMV_and_SmartShunt-pdf-en.pdf,verified; 7.2 MB,ok
Electrical,Charging,BatteryLink Automatic Charging Relay Installation Instructions,Blue Sea Systems,PDF,https://defender.ca/assets/pdf/blue-sea-systems/980011740.pdf,verified; 2 pp; hosted by Defender,ok
Electrical,Circuit Protection,Choosing Circuit Protection,Blue Sea Systems,HTML,https://www.bluesea.com/support/articles/Circuit_Protection/95/Choosing_Circuit_Protection,verified; single-article page,bot-protected (may need browser UA)
Electrical,Corrosion,Galvanic Isolators (corrosion and shore power),Sue Canfield / TOG News,PDF,https://www.ftp.tognews.com/Projects/GalvanicIsolator_Corrosion_SueCanfield/Galvanic%20Isolators.pdf,verified; 380 KB,ok
Electrical,Corrosion,MIL-STD-889C Dissimilar Metals (galvanic compatibility),US Department of Defense,PDF,https://everyspec.com/MIL-STD/MIL-STD-0800-0899/download.php?spec=MIL-STD-889C.055344.pdf,verified; rev C; 1.3 MB,ok
Electrical,DC Systems,Wiring Unlimited,Victron Energy,PDF,https://www.victronenergy.com/upload/documents/The_Wiring_Unlimited_book/43562-Wiring_Unlimited-pdf-en.pdf,verified; 29 MB,ok
Electrical,Fundamentals,NEETS Module 1 - Matter Energy and Direct Current (NAVEDTRA 14173),US Navy,PDF,https://archive.org/download/NEETSModule01/NEETSModule01.pdf,verified; 2.1 MB,ok
Electrical,Fundamentals,NEETS Module 2 - Alternating Current and Transformers (NAVEDTRA 14174),US Navy,PDF,https://archive.org/download/NEETSModule02/NEETSModule02.pdf,verified; 4.0 MB,ok
Electrical,Fundamentals,"NEETS Module 3 - Circuit Protection, Control and Measurement (NAVEDTRA 14175)",US Navy,PDF,https://archive.org/download/NEETSModule03/NEETSModule03.pdf,verified; 2.5 MB,ok
Electrical,Fundamentals,"NEETS Module 4 - Electrical Conductors, Wiring Techniques and Schematic Reading (NAVEDTRA 14176)",US Navy,PDF,https://archive.org/download/NEETSModule04/NEETSModule04.pdf,verified; 1.6 MB,ok
Electrical,Fundamentals,NEETS Module 5 - Generators and Motors (NAVEDTRA 14177),US Navy,PDF,https://archive.org/download/NEETSModule05/NEETSModule05.pdf,verified; 1.3 MB,ok
Electrical,Inverter/Charger,MultiPlus-II & Quattro-II Manual,Victron Energy,PDF,https://www.victronenergy.com/upload/documents/MultiPlus-II_2x120V/32424-MultiPlus-II___Quattro-II-pdf-en.pdf,verified; 4.8 MB,ok
Electrical,Lithium Batteries,Battle Born 100Ah 12V Smart Battery Manual,Battle Born Batteries,PDF,https://defender.ca/assets/pdf/battle-born/100ah-12v-smart-battery-manual.pdf,verified; 1.1 MB; hosted by Defender,ok
Electrical,Shipboard Electrical,Electrician's Mate 1 & C Rate Training Manual,US Navy (via ERIC),PDF,https://archive.org/download/ERIC_ED132256/ERIC_ED132256.pdf,verified; 1970s ed; 8.2 MB,ok
Electrical,Shipboard Electrical,Electrician's Mate 3 & 2 Rate Training Manual,US Navy (via ERIC),PDF,https://archive.org/download/ERIC_ED110703/ERIC_ED110703.pdf,verified; 1970s ed; 15 MB,ok
Electrical,Solar,SmartSolar MPPT 100/30 & 100/50 Charge Controller Manual,Victron Energy,PDF,https://www.victronenergy.com/upload/documents/Manual_SmartSolar_MPPT_100-30__100-50/29694-MPPT_solar_charger_manual-pdf-en.pdf,verified; 10.5 MB,ok
Electrical,Test Equipment,Fluke 10/11/12 Multimeter Users Manual,Fluke,PDF,https://xdevs.com/doc/Fluke/10_11_12.pdf,verified; 8.5 MB; hosted by xDevs,ok
Electrical,Test Equipment,NEETS Module 16 - Introduction to Test Equipment (NAVEDTRA 14188),US Navy,PDF,https://archive.org/download/NEETSModule16/NEETSModule16.pdf,verified; 2.0 MB,ok
Electrical,Troubleshooting,NEETS Module 19 - The Technician's Handbook (NAVEDTRA 14191),US Navy,PDF,https://everyspec.com/USN/NAVEDTRA/download.php?spec=NAVEDTRA__14191-SEP1998.018398.PDF,verified; Sep 1998; 2.1 MB,ok
Electrical,Troubleshooting,NEETS Module 21 - Test Methods and Practices (NAVEDTRA 14193),US Navy,PDF,https://archive.org/download/NEETSModule21/NEETSModule21.pdf,verified; 2.0 MB,ok
Electrical,Wire Sizing,Part 1: Choosing the Correct Wire Size for a DC Circuit,Blue Sea Systems,HTML,https://www.bluesea.com/resources/1437,verified; single-article page,bot-protected (may need browser UA)
Electrical,Wire Sizing,Voltage Drop in Conductor - Wire Sizing Chart,Blue Sea Systems,HTML,https://www.bluesea.com/support/reference/535/Voltage_Drop_in_Conductor_-_Wire_Sizing_Chart,verified; single-article page,bot-protected (may need browser UA)
Electrical,Wiring Practice,Construction Electrician Basic (NAVEDTRA 14026),US Navy,PDF,https://everyspec.com/USN/NAVEDTRA/download.php?spec=NAVEDTRA_14026_JAN1998.018375.PDF,verified; Jan 1998; 11 MB,ok
Rigging,Furlers,Harken MKIV Ocean Unit 2 Jib Furling Installation Manual,Harken,PDF,https://defender.com/assets/pdf/harken/603915mkivoceanjibfurlingsystem-unit2installationmanual.pdf,verified; 4.8 MB; hosted by Defender,ok
Rigging,Furlers,Harken Unit 1 Furler Installation Manual (4417),Harken,PDF,https://j109.org/docs/harken_unit_1_furler_4417.pdf,verified; 5.1 MB,ok
Rigging,Knots,Handbook of Knots & Splices (Gibson),Charles E. Gibson,PDF,https://archive.org/download/Handbook_of_Knots_Splices_-_Charles_Gibson/Handbook_of_Knots__Splices_-_Charles_Gibson.pdf,verified; 1.3 MB,ok
Rigging,Knots,"Knots, Splices and Rope Work (Verrill)",A. Hyatt Verrill,PDF,https://archive.org/download/knotssplicesrope00verr/knotssplicesrope00verr.pdf,verified; public domain 1917; 10.7 MB,ok
Rigging,Knots,Knots: A Study of Marlinespike Seamanship (Aldridge),Project Gutenberg,HTML,https://www.gutenberg.org/cache/epub/78376/pg78376-images.html,verified; ebook #78376; single-document HTML,ok
Rigging,Rigging Technique,"FM 5-125 Rigging Techniques, Procedures and Applications",US Army,PDF,https://archive.org/download/fm-5-125-rigging-techniques-procedures-and-applications-1995/FM%205-125%20Rigging%20Techniques%2C%20Procedures%2C%20And%20Applications%20%201995.pdf,verified; 1995; 3.8 MB,ok
Rigging,Spars,Hints and Advice on Rigging and Tuning of Your Seldén Mast,Seldén Mast,PDF,https://www.ftp.tognews.com/Publications/Manuals/Seldon/selden-tuning.pdf,verified; 43 pp; 2.5 MB,ok
Rigging,Spars,Hints and Advice on Rigging and Tuning of Your Seldén Mast (extended ed),Seldén Mast,PDF,https://pearson323.com/documents/selden_tuning.pdf,verified; 92 pp; 8.6 MB,ok
Rigging,Splicing,12-Strand Class I Eye Splice,Samson Rope,PDF,https://www.samsonrope.com/docs/default-source/splice-instructions/12strand_c1_eye_splice_web.pdf,verified; 0.9 MB,ok
Rigging,Splicing,12-Strand Class II Eye Splice,Samson Rope,PDF,https://www.samsonrope.com/docs/default-source/splice-instructions/12strand_c2_eye_splice_web.pdf,verified; 0.7 MB,ok
Rigging,Splicing,8-Strand Class II End-for-End Splice,Samson Rope,PDF,https://www.hisse-et-oh.com/store/medias/sailing/5ec/901/f6c/original/5ec901f6c1c6455ae3b7f6a6.pdf,verified; 3 pp; hosted by Hisse-et-Oh,ok
Rigging,Splicing,Double Braid Class I Eye Splice,Samson Rope,PDF,https://www.samsonrope.com/docs/default-source/splice-instructions/dblbrd_c1_eye_splice_web.pdf,verified; 1.1 MB,ok
Rigging,Splicing,Double Braid Class II Eye Splice,Samson Rope,PDF,https://www.samsonrope.com/docs/default-source/splice-instructions/dblbrd_c2_eye_splice_web.pdf,verified; 1.3 MB,ok
Rigging,Winches,Harken Radial Winch 35ST Manual,Harken,PDF,https://yachting.web.cern.ch/documentation/keelboats/files/harken-radial-winch-35st-manual.pdf,verified; 1.9 MB; hosted by CERN Yachting Club,ok
Rigging,Winches,Lewmar EVO Winch Service Manual,Lewmar,PDF,https://defender.com/assets/pdf/lewmar/lewmar_evo_service_manual.pdf,verified; 6.4 MB; hosted by Defender,ok
Rigging,Winches,Lewmar EVO Winch Service Manual (B2304 iss 9),Lewmar,PDF,https://yachting.web.cern.ch/documentation/keelboats/files/Evo_winch_service-B2304iss9_2.pdf,verified; issue 9; 10 MB,ok
Rigging,Winches,Lewmar Electric Winch Manual,Lewmar,PDF,https://defender.ca/assets/pdf/lewmar/lewmarelectricwinchmanual.pdf,verified; 2.6 MB; hosted by Defender,ok
Hull Repair,Boatbuilding,The Gougeon Brothers on Boat Construction (5th ed),Gougeon Brothers,PDF,https://www.westsystem.com/app/uploads/2024/08/GougeonBook-08.2024.pdf,verified; Aug 2024 printing; 7.9 MB,ok
Hull Repair,Composites,Vacuum Bagging Techniques (7th ed),Gougeon Brothers / WEST SYSTEM,PDF,https://www.westsystem.com/app/uploads/2022/10/VacuumBag-7th-Ed.pdf,verified; 7th ed; 1.6 MB,ok
Hull Repair,Epoxy,WEST SYSTEM User Manual & Product Guide (2020),Gougeon Brothers / WEST SYSTEM,PDF,https://www.westsystem.com/app/uploads/2023/09/WS-User-Manual-2020.pdf,verified; 2020 ed; 5.3 MB,ok
Hull Repair,Epoxy,WEST SYSTEM User Manual & Product Guide (EU English March 2025),WEST SYSTEM International,PDF,https://eu.westsystem.com/app/uploads/2025/06/English-WEST-SYSTEM-User-Manual-March-2025-Low-res.pdf,verified; Mar 2025 ed; 3.0 MB,ok
Hull Repair,Fiberglass,Fiberglass Boat Repair & Maintenance (002-550),Gougeon Brothers / WEST SYSTEM,PDF,https://www.westsystem.com/app/uploads/2022/10/Fiberglass-Manual-2015.pdf,verified; 2015 ed; 96 pp; 3.7 MB,ok
Hull Repair,Osmosis,Gelcoat Blisters: Diagnosis Repair and Prevention,Gougeon Brothers / WEST SYSTEM,PDF,https://www.westsystem.com/app/uploads/2022/10/Gelcoat-Blisters-Diagnosis-Repair-and-Prevention.pdf,verified; 2.5 MB,ok
Hull Repair,Painting,Interlux Boat Paint Guide & Color Card (US ed),Interlux / AkzoNobel,PDF,https://defender.com/assets/legacy-defender/pdf/InterluxBoatPaintGuide.pdf,verified; US ed; 11.7 MB; hosted by Defender,ok
Hull Repair,Painting,Interlux Boat Paint Guide (US ed; alternate edition),Interlux / AkzoNobel,PDF,https://defender.com/assets/legacy-defender/pdf/BoatPaintGuide.pdf,verified; US ed; 7.1 MB; hosted by Defender,ok
Hull Repair,Wood,Wooden Boat Restoration & Repair,Gougeon Brothers / WEST SYSTEM,PDF,https://gougeon.canto.com/direct/document/n7or0hmiop5j78qq45a1le9m73/lP_BsTj7gzt9w1yimleUpxCC8oY/original?content-type=application%2Fpdf&name=2025.01_WS_Wooden-Boat-Manual_web+%28low+res%29.pdf,verified; Jan 2025 ed; 10.6 MB; Canto direct link redirects to signed CDN,ok
Cooking,Bread,"A Treatise on Bread, and Bread-making",Sylvester Graham (Project Gutenberg),TXT,https://www.gutenberg.org/cache/epub/66331/pg66331.txt,verified; public domain,ok
Cooking,Bread,Book of American Baking,Various (Project Gutenberg),TXT,https://www.gutenberg.org/cache/epub/49797/pg49797.txt,verified; public domain,ok
Cooking,Camp cookery,Camp Cookery: How to Live in Camp,Maria Parloa (Project Gutenberg),TXT,https://www.gutenberg.org/cache/epub/54138/pg54138.txt,verified; public domain,ok
Cooking,Camp cookery,"Camp Fires and Camp Cooking; or, Culinary Hints for the Soldier",James M. Sanderson (Project Gutenberg),TXT,https://www.gutenberg.org/cache/epub/75442/pg75442.txt,verified; public domain 1862,ok
Cooking,Camp cookery,Canoe and Camp Cookery,Seneca (Project Gutenberg),TXT,https://www.gutenberg.org/cache/epub/55705/pg55705.txt,verified; public domain 1885,ok
Cooking,Camp cookery,Woodcraft and Camping,George Washington Sears (Project Gutenberg),TXT,https://www.gutenberg.org/cache/epub/34607/pg34607.txt,verified; public domain,ok
Cooking,General,The Boston Cooking-School Cook Book,Fannie Merritt Farmer (Project Gutenberg),TXT,https://www.gutenberg.org/cache/epub/65061/pg65061.txt,verified; public domain,ok
Cooking,Rationing,Foods That Will Win the War and How to Cook Them (1918),C. Houston Goudiss (Project Gutenberg),TXT,https://www.gutenberg.org/cache/epub/15464/pg15464.txt,verified; public domain; substitutions/economy cooking,ok
Cooking,Seafood,"A Handbook of Fish Cookery: How to Buy, Dress, Cook, and Eat Fish",Lucy H. Yates (Project Gutenberg),TXT,https://www.gutenberg.org/cache/epub/53525/pg53525.txt,verified; public domain,ok
Provisioning,Canning,Complete Guide to Home Canning (combined USDA guide),USDA (Nevada Dept. of Agriculture mirror),PDF,https://agri.nv.gov/uploadedFiles/agrinvgov/Content/Food/Craft_Foods/Complete%20Guide%20to%20Home%20Canning.pdf,verified; full single-file edition,ok
Provisioning,Canning,Every Step in Canning: The Cold-Pack Method,Grace Viall Gray (Project Gutenberg),TXT,https://www.gutenberg.org/cache/epub/13775/pg13775.txt,verified; public domain 1920,ok
Provisioning,Canning,Home Canning of Fruits and Vegetables,USDA ARS (Project Gutenberg),TXT,https://www.gutenberg.org/cache/epub/66136/pg66136.txt,verified; public domain,ok
Provisioning,Canning,USDA Complete Guide to Home Canning Guide 1: Principles of Home Canning,USDA/NCHFP,PDF,https://nchfp.uga.edu/papers/guide/GUIDE01_HomeCan_rev0715.pdf,verified; 2015 rev,ok
Provisioning,Canning,"USDA Complete Guide to Home Canning Guide 2: Selecting, Preparing and Canning Fruit and Fruit Products",USDA/NCHFP,PDF,https://nchfp.uga.edu/papers/guide/GUIDE02_HomeCan_rev0715.pdf,verified; 2015 rev,ok
Provisioning,Canning,USDA Complete Guide to Home Canning Guide 3: Tomatoes and Tomato Products,USDA/NCHFP,PDF,https://nchfp.uga.edu/papers/guide/GUIDE03_HomeCan_rev0715.pdf,verified; 2015 rev,ok
Provisioning,Canning,USDA Complete Guide to Home Canning Guide 4: Vegetables and Vegetable Products,USDA/NCHFP,PDF,https://nchfp.uga.edu/papers/guide/GUIDE04_HomeCan_rev0715.pdf,verified; 2015 rev,ok
Provisioning,Canning,"USDA Complete Guide to Home Canning Guide 5: Poultry, Red Meats, and Seafoods",USDA/NCHFP,PDF,https://nchfp.uga.edu/papers/guide/GUIDE05_HomeCan_rev0715.pdf,verified; 2015 rev,ok
Provisioning,Canning,USDA Complete Guide to Home Canning Guide 6: Fermented Foods and Pickled Vegetables,USDA/NCHFP,PDF,https://nchfp.uga.edu/papers/guide/GUIDE06_HomeCan_rev0715.pdf,verified; 2015 rev,ok
Provisioning,Canning,USDA Complete Guide to Home Canning Guide 7: Jams and Jellies,USDA/NCHFP,PDF,https://nchfp.uga.edu/papers/guide/GUIDE07_HomeCan_rev0715.pdf,verified; 2015 rev,ok
Provisioning,Canning,USDA Complete Guide to Home Canning: Introduction and Index,USDA/NCHFP,PDF,https://nchfp.uga.edu/papers/guide/INTRO_HomeCanrev0715.pdf,verified; 2015 rev,ok
Provisioning,Drying,Drying Foods at Home,University of Illinois Extension,PDF,https://extension.illinois.edu/media/6866/download,verified; 3 pp,ok
Provisioning,Drying,Food Drying Project Manual,University of Idaho Extension,PDF,https://objects.lib.uidaho.edu/uiext/uiext32185.pdf,verified; 40 pp,ok
Provisioning,Fermenting,Dill Pickles & Sauerkraut (HGIC 3380),Clemson Cooperative Extension (UCANR mirror),PDF,https://oc4h.ucanr.edu/sites/default/files/2020-10/336786.pdf,verified; 3 pp,ok
Provisioning,Fermenting,Making Fermented Pickles,Edwin LeFevre/USDA (Project Gutenberg),TXT,https://www.gutenberg.org/cache/epub/48722/pg48722.txt,verified; public domain USDA Farmers Bulletin,ok
Provisioning,Fermenting,Taking a New Look at Fermented Foods (MF3491),Kansas State University Extension,PDF,https://bookstore.ksre.ksu.edu/pubs/MF3491.pdf,verified; 2021; 4 pp,ok
Provisioning,Fermenting,Want to Ferment Vegetables? Start with Sauerkraut,Clemson Cooperative Extension (UCANR mirror),PDF,https://oc4h.ucanr.edu/sites/default/files/2020-10/336781.pdf,verified; 3 pp,ok
Provisioning,Food processing,Processed Foods for Improved Livelihoods (Diversification booklet 5),FAO,PDF,https://www.fao.org/3/y5113e/y5113e.pdf,verified; 2004; 68 pp; drying/pickling/preserving,ok
Provisioning,Food safety,A Consumer's Guide to Food Safety: Severe Storms and Hurricanes,USDA FSIS (San Bernardino County mirror),PDF,https://www.sbcounty.gov/uploads/dph/EHS/Documents/USDA-FSIS-A-Consumers-Guide-to-Food-Safety_EN_SP.pdf,verified; 2007 rev; 19 pp EN/ES; food without power,ok
Provisioning,Food storage,"Canning, Freezing, Storing Garden Produce",USDA (Project Gutenberg),TXT,https://www.gutenberg.org/cache/epub/59977/pg59977.txt,verified; public domain,ok
Provisioning,Food storage,Home Vegetable Storage (E-232),Michigan State University Extension (archive),PDF,https://sanweb.lib.msu.edu/DMC/extension_publications/e232/e232print2.pdf,verified; archival; 13 pp; root-cellar style storage,ok
Provisioning,Food storage,Refrigerator & Freezer Storage Chart,FDA,PDF,https://www.fda.gov/media/74435/download,verified; 1 page,ok
Provisioning,Gardening,Livelihood Diversification Booklet 2: Home Gardens,FAO,PDF,https://www.fao.org/3/y5112e/y5112e.pdf,verified; 2004,ok
Provisioning,Nutrition,Family Nutrition Guide,FAO,PDF,https://www.fao.org/3/y5740e/y5740e.pdf,verified; 2004; 126 pp,ok
Provisioning,Nutrition,Human Nutrition in the Developing World,FAO,PDF,https://www.fao.org/3/w0073e/w0073e.pdf,verified; 1997; 526 pp; deficiency diseases,ok
Provisioning,Nutrition,Scurvy and its Prevention and Control in Major Emergencies (WHO/NHD/99.11),WHO (UNHCR mirror),PDF,https://www.unhcr.org/uk/sites/uk/files/legacy-pdf/4cbef0599.pdf,verified; 1999,bot-protected (may need browser UA)
Provisioning,Preserving,"Woman's Institute Library of Cookery Vol. 5: Canning and Drying; Jelly Making, Preserving and Pickling",Woman's Institute (Project Gutenberg),TXT,https://www.gutenberg.org/cache/epub/9939/pg9939.txt,verified; public domain,ok
Provisioning,Sprouting,Sprout Safety (FST-344),Virginia Tech Extension,PDF,https://turf.spes.vt.edu/content/dam/pubs_ext_vt_edu/FST/fst-344/FST-344.pdf,verified; 5 pp,ok
Provisioning,Tropical foods,Coconut Processing (Technical Brief),Practical Action,PDF,https://infohub.practicalaction.org/server/api/core/bitstreams/ae3134a0-9f45-46b3-9e31-7ef08a372ea8/content,verified; 4 pp; coconut oil/milk/desiccated,ok
Provisioning,Tropical foods,Good Practice for the Small-scale Production of Bottled Coconut Water,FAO,PDF,https://www.fao.org/3/a1418e/a1418e.pdf,verified; 2007; 44 pp,ok
Water,Community water,A Community Guide to Environmental Health Ch. 5: Health Problems from Unsafe Water,Hesperian,PDF,https://www.hesperian.org/wp-content/uploads/pdf/en_cgeh_2012/en_cgeh_2012_05.pdf,verified; 2012; 20 pp,ok
Water,Disinfection,Emergency Disinfection of Drinking Water (EPA 816-F-15-003),US EPA,PDF,https://www.epa.gov/sites/default/files/2015-11/documents/epa816f15003.pdf,verified; 2015; 2 pp,ok
Water,Treatment,"A Community Guide to Environmental Health Ch. 6: Protecting Community Water (storage, treatment, rainwater)",Hesperian,PDF,https://www.hesperian.org/wp-content/uploads/pdf/en_cgeh_2012/en_cgeh_2012_06.pdf,verified; 2012; 38 pp,ok
Water,Treatment,A Guide to Drinking Water Treatment and Sanitation for Backcountry & Travel Use,CDC (Island County WA mirror),PDF,https://islandcountywa.gov/DocumentCenter/View/4837,verified; 3 pp,ok
Water,Treatment,"Water Treatment While Hiking, Camping, and Traveling (Backcountry Water Treatment)",CDC,PDF,https://www.cdc.gov/healthywater/pdf/drinking/Backcountry_Water_Treatment-508.pdf,verified; treatment method comparison table,bot-protected (may need browser UA)
Fishing,Ciguatera,A Study of Ciguatera Fish Poisoning in the Virgin Islands Area,Caribbean Research Institute / NOAA Sea Grant,PDF,https://repository.library.noaa.gov/view/noaa/40900/noaa_40900_DS1.pdf,verified; 1973,bot-protected (may need browser UA)
Fishing,Ciguatera,Ciguatera (ENY-741),University of Florida IFAS EDIS,PDF,https://journals.flvc.org/edis/article/download/117059/115202/169759,verified; 5 pp,ok
Fishing,Ciguatera,Guide pratique de la ciguatera (French),DASS Nouvelle-Caledonie,PDF,https://dass.gouv.nc/sites/default/files/atoms/files/guide_pratique_ciguatera.pdf,verified; French language,ok
Fishing,Ciguatera,Management of Ciguatera Fish Poisoning in the South Pacific,P. Dalzell / Memoirs of the Queensland Museum (archive.org),PDF,https://archive.org/download/biostor-260265/biostor-260265.pdf,verified; 1994; 9 pp,ok
Fishing,Ciguatera,Marine Biotoxins (FAO Food and Nutrition Paper 80),FAO,PDF,https://www.fao.org/3/y5486e/y5486e.pdf,verified; 2004; 287 pp; ciguatera/PSP chapters,ok
Fishing,Ciguatera,Natural Toxin and Scombrotoxin Fish Poisoning Illness Annual Report 2020-2023,FDA,PDF,https://www.fda.gov/media/180032/download,verified; 17 pp,ok
Fishing,Fish ID,"FAO Species ID Guide: Living Marine Resources of the Western Central Atlantic Vol. 1 (molluscs, crustaceans, sharks, rays)",FAO,PDF,https://www.fao.org/3/y4160e/y4160e.pdf,verified; 2002; 607 pp; 25 MB,ok
Fishing,Fish ID,"FAO Species ID Guide: Living Marine Resources of the Western Central Pacific Vol. 1 (seaweeds, corals, bivalves, gastropods)",FAO,PDF,https://www.fao.org/3/w7191e/w7191e.pdf,verified; 1998; 700 pp; 29 MB,ok
Fishing,Fish ID,FAO Species ID Guide: Western Central Atlantic Vol. 2 (bony fishes part 1),FAO,PDF,https://www.fao.org/3/y4161e/y4161e.pdf,verified; 2002; 781 pp; 37 MB,ok
Fishing,Fish ID,"FAO Species ID Guide: Western Central Atlantic Vol. 3 (bony fishes part 2, turtles, marine mammals)",FAO,PDF,https://www.fao.org/3/y4162e/y4162e.pdf,verified; 2002; 758 pp; 51 MB,ok
Fishing,Fish ID,"FAO Species ID Guide: Western Central Pacific Vol. 2 (cephalopods, crustaceans, holothurians, sharks)",FAO,PDF,https://www.fao.org/3/w7192e/w7192e.pdf,verified; 1998; 713 pp; 36 MB,ok
Fishing,Fish ID,"FAO Species ID Guide: Western Central Pacific Vol. 3 (batoid fishes, chimaeras, bony fishes part 1)",FAO,PDF,https://www.fao.org/3/x2401e/x2401e.pdf,verified; 1999,ok
Fishing,Fish handling,Care of Halibut Aboard the Fishing Vessel,Alaska Sea Grant (NOAA repository),PDF,https://repository.library.noaa.gov/view/noaa/44182/noaa_44182_DS1.pdf,verified; 1985; bleeding/icing,bot-protected (may need browser UA)
Fishing,Fish handling,Handling Offshore Catch On Board,Louisiana Sea Grant,PDF,https://www.seagrantfish.lsu.edu/pdfs/factsheets/handling_offshorecatch.pdf,verified; 2 pp,ok
Fishing,Fish handling,Handling Your Catch,New York Sea Grant,PDF,https://seagrant.sunysb.edu/nysportfishing/HandlingYourCatch.pdf,verified; 1 p,ok
Fishing,Fish handling,The Use of Ice on Small Fishing Vessels (Fisheries Technical Paper 436),FAO,PDF,https://www.fao.org/3/y5013e/y5013e.pdf,verified; 2003; 116 pp,ok
Fishing,Preserving fish,Canning Seafood (PNW 194),Pacific Northwest Extension,PDF,https://ccfruitandnuts.ucanr.edu/sites/default/files/2020-09/335717.pdf,verified; 12 pp,ok
Fishing,Preserving fish,Canning Smoked Fish at Home (PNW 450),Pacific Northwest Extension (U Idaho),PDF,https://objects.lib.uidaho.edu/uiext/uiext32324.pdf,verified; 5 pp,ok
Fishing,Preserving fish,Home Canning Smoked Fish and Home Smoking Fish for Canning (FNH-00223),University of Alaska Fairbanks Extension (UC mirror),PDF,https://ucfoodsafety.sf.ucdavis.edu/sites/g/files/dgvnsk7366/files/inline-files/208606.pdf,verified; 4 pp,ok
Fishing,Preserving fish,Salt Drying of Fish (Trust Territory of the Pacific Islands technical report),UNIDO,PDF,https://downloads.unido.org/ot/49/90/4990368/15001-20000_18991.pdf,verified; 23 pp,ok
Fishing,Preserving fish,Smoking Fish at Home (FNH-00325),University of Alaska Fairbanks Extension (UCANR mirror),PDF,https://oc4h.ucanr.edu/sites/default/files/2020-12/340862.pdf,verified; 4 pp,ok
Fishing,Seafood safety,Assessment and Management of Seafood Safety and Quality (Fisheries Technical Paper 444),FAO,PDF,https://www.fao.org/3/y4743e/y4743e.pdf,verified; 2004; front section 53 pp,ok
Fishing,Seafood safety,Fish and Fishery Products Hazards and Controls Guidance,FDA,PDF,https://www.fda.gov/media/80637/download,verified; June 2022 ed; ~5.6 MB; scombrotoxin/ciguatera,ok
Fishing,Techniques,Nearshore Fishing Techniques: A Manual for Community Fishers in the Pacific Islands,Pacific Community (SPC) via SPREP,PDF,https://library.sprep.org/sites/default/files/2023-11/nearshore-fishing-techniques.pdf,verified; 2023; 144 pp; trolling/FAD/handling,bot-protected (may need browser UA)
Fishing,Techniques,Small-scale FAD Associated Fishing Techniques Used in the Pacific Region,L. Chapman / SPC (Ifremer Archimer),PDF,https://archimer.ifremer.fr/doc/00042/15295/12653.pdf,verified; 10 pp,ok
Survival,Abandon ship,Template for Written Safety Procedures: Abandon Ship (small vessels),Transport Canada,PDF,https://tc.canada.ca/sites/default/files/2023-11/template-abandon-ship.pdf,verified; 2023; 1 p,ok
Survival,Cold water,Cold Water Boating: How to Stay Safe,New York State Parks,PDF,https://www.parks.ny.gov/documents/recreation/boating/ColdWater.pdf,verified; 2 pp,ok
Survival,Cold water,Survival in Cold Waters: Staying Alive (TP 13822),Transport Canada (Publications Canada),PDF,https://publications.gc.ca/collections/collection_2013/tc/T29-108-2003-eng.pdf,verified-search; 2003; link from publications.gc.ca catalogue page,ok
Survival,Liferaft,MGN 77 (M+F): Instructions for Action in Survival Craft,UK Maritime and Coastguard Agency,PDF,https://assets.publishing.service.gov.uk/media/5a7c15b0ed915d1c30daa78b/mgn077.pdf,verified; 4 pp,ok
Survival,Survival manual,"AFH 10-644 Survival, Evasion, Resistance, Escape (SERE) Operations",US Air Force (FAS mirror),PDF,https://irp.fas.org/doddir/usaf/afh10-644.pdf,verified-search; sea survival/water/food procurement; could not download in sandbox,bot-protected (may need browser UA)
Survival,Survival manual,FM 21-76 US Army Survival Manual,US Army (archive.org),PDF,https://archive.org/download/Fm21-76SurvivalManual/FM21-76_SurvivalManual.pdf,verified; 1992; 233 pp; sea survival chapter; water procurement; edible plants,ok
Survival,Survival manual,FM 3-05.70 Survival,US Army (LSU mirror),PDF,https://biotech.law.lsu.edu/blaw/DOD/fm3-05-70.pdf,verified; May 2002; 676 pp; 21 MB,ok
Sanitation,Dehydration,Oral Rehydration Salts: Production of the New ORS (WHO/FCH/CAH/06.1),WHO/UNICEF (GiveWell mirror),PDF,https://www.givewell.org/files/DWDA%202009/Interventions/ORS/WHO_Oral_rehydration_salts_report_2006.pdf,verified; 2006; 123 pp,ok
Sanitation,Food hygiene,Food Quality and Safety Systems: Training Manual on Food Hygiene and HACCP,FAO,PDF,https://www.fao.org/3/w8088e/w8088e.pdf,verified; 1998; 178 pp,ok
Sanitation,Health,Where There Is No Doctor: A Village Health Care Handbook,Hesperian (pS-Eau mirror),PDF,https://www.pseau.org/outils/ouvrages/hesperian_where_there_is_no_doctor.pdf,verified; rev ed; 505 pp; 8.6 MB,ok
Sanitation,Toilets,A Community Guide to Environmental Health Ch. 7: Building Toilets,Hesperian,PDF,https://www.hesperian.org/wp-content/uploads/pdf/en_cgeh_2012/en_cgeh_2012_07.pdf,verified; 2012; 38 pp,ok
Clearance,Canada,Reporting on Entering Canadian Waters,America's Boating Club (USPS),PDF,https://usps.org/eddept/files/reporting_on_entering_Canadian_waters.pdf,verified,ok
Clearance,New Zealand,Customs Advance Notice of Arrival Rules 2024,New Zealand Customs Service,PDF,https://www.customs.govt.nz/media/uyzflwvy/customs-advance-notice-of-arrival-rules-2024.pdf,verified; 2024,ok
Clearance,New Zealand,Fact Sheet 46: Craft arrivals and departures outside of a Customs place,New Zealand Customs Service,PDF,https://www.customs.govt.nz/media/r44nh3b2/fact-sheet-46-craft-arrivals-and-departures-outside-of-a-customs-place.pdf,verified,ok
Clearance,New Zealand,Form C1B Inward Report - Small Craft,New Zealand Customs Service,PDF,https://www.customs.govt.nz/media/0dclakpb/form-c1b-inward-report-small-craft-2023.pdf,verified; 2023 form,ok
Clearance,New Zealand,Guide for Temporary Import Entry of Small Craft (cruising yachts) to NZ,NZ Marine Industry Association,PDF,https://www.marinebusinessnews.com.au/wp-content/uploads/2026/02/Guide-for-TIE-of-Small-Craft-incl.-cruising-yachts-superyachts-to-NZ-NZ-Marine-Industry-Assn-1-Dec-2025.pdf,verified; 1 Dec 2025 edition; third-party host,ok
Clearance,USA,19 CFR 4.2 - Reports of arrival of vessels,US GPO / CBP,PDF,https://www.govinfo.gov/content/pkg/CFR-2025-title19-vol1/pdf/CFR-2025-title19-vol1-sec4-2.pdf,verified; CFR 2025; pleasure-vessel arrival reporting,ok
Language,Bislama,Peace Corps Bislama Handbook 2014,Peace Corps Vanuatu / Vanuatu MoET,PDF,https://moet.gov.vu/docs/textbooks/Peace%20Corps%20Bislama%20Handbook_2014.pdf,verified; 2014,ok
Language,Bislama,Peace Corps Vanuatu Bislama Language Lessons,Peace Corps,PDF,https://fsi-language-courses-media.nyc3.cdn.digitaloceanspaces.com/languages-peacecorps/Bislama/VU_Bislama_Language_Lessons.pdf,verified; Peace Corps lessons,ok
Language,Cape Verdean Kriolu,English-Kriolu Dictionary,Peace Corps Cape Verde,PDF,https://fsi-language-courses-media.nyc3.cdn.digitaloceanspaces.com/languages-peacecorps/Kriolu/English-Kriolu%2520Dictionary.pdf,verified; dictionary,ok
Language,Fijian,Lessons in Fijian,Peace Corps (ERIC ED131693),PDF,https://files.eric.ed.gov/fulltext/ED131693.pdf,verified; ERIC full text,ok
Language,French,FSI French Basic Course (Revised) Vol. 1 Student Text,Foreign Service Institute,PDF,https://fsi-languages.yojik.eu/languages/FSI/French/Fsi-FrenchBasicCourserevised-Volume1-StudentText.pdf,verified; public domain,ok
Language,French,"Le francais fonde sur la competence, Novice (Competency Based French)",Peace Corps (ERIC ED401734),PDF,https://files.eric.ed.gov/fulltext/ED401734.pdf,verified; ERIC full text,ok
Language,Indonesian,Peace Corps Indonesian (Bahasa) Buku 1,Peace Corps Indonesia,PDF,https://fsi-language-courses-media.nyc3.cdn.digitaloceanspaces.com/languages-peacecorps/Indonesian-Bahasa/Buku%25201.pdf,verified; book 1,ok
Language,Malagasy,Peace Corps Madagascar Volunteer Manual: Official Malagasy,Peace Corps (ERIC ED454700),PDF,https://files.eric.ed.gov/fulltext/ED454700.pdf,verified; ERIC full text,ok
Language,Malagasy,Peace Corps Malagasy Language Lessons,Peace Corps,PDF,https://fsi-language-courses-media.nyc3.cdn.digitaloceanspaces.com/languages-peacecorps/Malagasy-Sakalava/MG_Malagasy_Language_Lessons.pdf,verified; Peace Corps lessons,ok
Language,Marshallese,Peace Corps Marshallese Language Training Manual,Peace Corps,PDF,https://fsi-language-courses-media.nyc3.cdn.digitaloceanspaces.com/languages-peacecorps/Marshallese/Peace%2520Corps%2520Marshallese%2520Language%2520Training%2520Manual.pdf,verified; training manual,ok
Language,Portuguese,FSI From Spanish to Portuguese,Foreign Service Institute,PDF,https://fsi-languages.yojik.eu/languages/FSI/Portuguese/Spanish%20to%20Portuguese/FSI%20-%20From%20Spanish%20to%20Portuguese%20-%20Student%20Text.pdf,verified; public domain,ok
Language,Portuguese,FSI Portuguese FAST Vol. 1,Foreign Service Institute,PDF,https://fsi-languages.yojik.eu/languages/FSI/Portuguese/FAST/Volume%201/FSI%20-%20Portuguese%20FAST%20-%20Volume%201.pdf,verified; public domain,ok
Language,Samoan,Gagana Samoa Mo Pisikoa: Peace Corps Samoan Language Handbook,Peace Corps (ERIC ED402740),PDF,https://files.eric.ed.gov/fulltext/ED402740.pdf,verified; ERIC full text,ok
Language,Samoan,Samoan Language: A Manual for the Study and Teaching of Samoan,Peace Corps W. Samoa (ERIC ED233587),PDF,https://files.eric.ed.gov/fulltext/ED233587.pdf,verified; ERIC full text,ok
Language,Spanish,FSI Spanish Basic Course Vol. 1 Student Text,Foreign Service Institute,PDF,https://fsi-languages.yojik.eu/languages/FSI/Spanish/Basic/Volume%201/Fsi-SpanishBasicCourse-Volume1-StudentText.pdf,verified; public domain,ok
Language,Spanish,FSI Spanish Familiarization and Short-Term Training (FAST),Foreign Service Institute,PDF,https://fsi-languages.yojik.eu/languages/FSI/Spanish/Fsi-SpanishFamiliarizationAndShort-termTraining.pdf,verified; public domain,ok
Language,Spanish,Spanish Language Workbook,Peace Corps (ERIC ED402753),PDF,https://files.eric.ed.gov/fulltext/ED402753.pdf,verified; ERIC full text,ok
Language,Swahili,FSI Swahili An Active Introduction - General Conversation,Foreign Service Institute,PDF,https://fsi-languages.yojik.eu/languages/FSI/Swahili/Active%20Introduction/FSI%20-%20Swahili%20An%20Active%20Introduction%20-%20General%20Conversation.pdf,verified; public domain,ok
Language,Tagalog,Peace Corps Tagalog Language Packet,Peace Corps,PDF,https://fsi-language-courses-media.nyc3.cdn.digitaloceanspaces.com/languages-peacecorps/Tagalog/Tagalog%2520Language%2520Packet.pdf,verified; language packet,ok
Language,Thai,Peace Corps Thai Language Lessons,Peace Corps,PDF,https://fsi-language-courses-media.nyc3.cdn.digitaloceanspaces.com/languages-peacecorps/Thai/TH_Thai_Language_Lessons.pdf,verified; Peace Corps lessons,ok
Language,Tok Pisin,Tokpisin Grammar Workbook for English Speakers,Peace Corps PNG (ERIC ED401761),PDF,https://files.eric.ed.gov/fulltext/ED401761.pdf,verified; ERIC full text,ok
Nature,Astronomy,Astronomy for Amateurs,Camille Flammarion,EPUB,https://www.gutenberg.org/cache/epub/25267/pg25267-images.epub,verified; Project Gutenberg #25267,ok
Nature,Astronomy,Half-Hours with the Stars: A Guide to the Constellations,Richard A. Proctor,EPUB,https://www.gutenberg.org/cache/epub/23300/pg23300-images.epub,verified; Project Gutenberg #23300,ok
Nature,Coral Reefs,Coral Reefs,Charles Darwin,EPUB,https://www.gutenberg.org/cache/epub/2690/pg2690-images.epub,verified; Project Gutenberg #2690,ok
Nature,Fish ID,"FAO Species Identification Guide - Living Marine Resources of the Western Central Pacific, Vol. 4: Bony fishes part 2 (Mugilidae to Carangidae)",FAO,PDF,https://www.fao.org/3/x2400e/x2400e.pdf,verified; FAO 1998-2001,ok
Nature,Fish ID,"FAO Species Identification Guide - Living Marine Resources of the Western Central Pacific, Vol. 5: Bony fishes part 3 (Menidae to Pomacentridae)",FAO,PDF,https://www.fao.org/3/y0770e/y0770e.pdf,verified; FAO 1998-2001,ok
Nature,Fish ID,"FAO Species Identification Guide - Living Marine Resources of the Western Central Pacific, Vol. 6: Bony fishes part 4, sea turtles, sea snakes and marine mammals",FAO,PDF,https://www.fao.org/docrep/pdf/009/y0870e/y0870e00.pdf,verified; FAO 2001,ok
Nature,Marine Life,The Sea and Its Living Wonders,G. Hartwig,EPUB,https://www.gutenberg.org/cache/epub/62011/pg62011-images.epub,verified; Project Gutenberg #62011,ok
Nature,Marine Mammals,"Whales, Dolphins, and Porpoises of the Western North Atlantic: A Guide to Their Identification",Leatherwood et al. (NOAA),EPUB,https://www.gutenberg.org/cache/epub/33527/pg33527-images.epub,verified; Project Gutenberg #33527,ok
Nature,Seashore,"Glaucus; Or, The Wonders of the Shore",Charles Kingsley,EPUB,https://www.gutenberg.org/cache/epub/695/pg695-images.epub,verified; Project Gutenberg #695,ok
Nature,Seashore,The Sea Shore,William S. Furneaux,EPUB,https://www.gutenberg.org/cache/epub/42978/pg42978-images.epub,verified; Project Gutenberg #42978,ok
Nature,Star ID,IAU Constellation Chart: Carina,IAU / astro4edu,PDF,https://astro4edu.org/media/diagrams/pdf/carina-constellation-map_en.pdf,verified; IAU OAE constellation map,ok
Nature,Star ID,IAU Constellation Chart: Cassiopeia,IAU / astro4edu,PDF,https://astro4edu.org/media/diagrams/pdf/cassiopeia-constellation-map_en.pdf,verified; IAU OAE constellation map,ok
Nature,Star ID,IAU Constellation Chart: Centaurus,IAU / astro4edu,PDF,https://astro4edu.org/media/diagrams/pdf/centaurus-constellation-map_en.pdf,verified; IAU OAE constellation map,ok
Nature,Star ID,IAU Constellation Chart: Crux (Southern Cross),IAU / astro4edu,PDF,https://astro4edu.org/media/diagrams/pdf/crux-constellation-map_en.pdf,verified; IAU OAE constellation map,ok
Nature,Star ID,IAU Constellation Chart: Orion,IAU / astro4edu,PDF,https://astro4edu.org/media/diagrams/pdf/orion-constellation-map_en.pdf,verified; IAU OAE constellation map,ok
Nature,Star ID,IAU Constellation Chart: Scorpius,IAU / astro4edu,PDF,https://astro4edu.org/media/diagrams/pdf/scorpius-constellation-map_en.pdf,verified; IAU OAE constellation map,ok
Nature,Star ID,IAU Constellation Chart: Ursa Major,IAU / astro4edu,PDF,https://astro4edu.org/media/diagrams/pdf/ursa-major-constellation-map_en.pdf,verified; IAU OAE constellation map,ok
Literature,Sea Fiction,Captains Courageous,Rudyard Kipling,EPUB,https://www.gutenberg.org/cache/epub/2186/pg2186-images.epub,verified; Project Gutenberg #2186,ok
Literature,Sea Fiction,"Moby Dick; Or, The Whale",Herman Melville,EPUB,https://www.gutenberg.org/cache/epub/2701/pg2701-images.epub,verified; Project Gutenberg #2701,ok
Literature,Sea Fiction,The Mirror of the Sea,Joseph Conrad,EPUB,https://www.gutenberg.org/cache/epub/1058/pg1058-images.epub,verified; Project Gutenberg #1058; memoir/essays on seamanship,ok
Literature,Sea Fiction,The Nigger of the Narcissus,Joseph Conrad,EPUB,https://www.gutenberg.org/cache/epub/17731/pg17731-images.epub,verified; Project Gutenberg #17731; original 1897 title,ok
Literature,Sea Fiction,The Riddle of the Sands,Erskine Childers,EPUB,https://www.gutenberg.org/cache/epub/2360/pg2360-images.epub,verified; Project Gutenberg #2360; yacht-cruising novel,ok
Literature,Sea Fiction,Typee: A Romance of the South Seas,Herman Melville,EPUB,https://www.gutenberg.org/cache/epub/1900/pg1900-images.epub,verified; Project Gutenberg #1900,ok
Literature,Sea Fiction,Typhoon,Joseph Conrad,EPUB,https://www.gutenberg.org/cache/epub/1142/pg1142-images.epub,verified; Project Gutenberg #1142,ok
Literature,Voyaging,A Voyage to the South Sea (HMS Bounty),William Bligh,EPUB,https://www.gutenberg.org/cache/epub/15411/pg15411-images.epub,verified; Project Gutenberg #15411,ok
Literature,Voyaging,In the South Seas,Robert Louis Stevenson,EPUB,https://www.gutenberg.org/cache/epub/464/pg464-images.epub,verified; Project Gutenberg #464,ok
Literature,Voyaging,Sailing Alone Around the World,Joshua Slocum,EPUB,https://www.gutenberg.org/cache/epub/6317/pg6317-images.epub,verified; Project Gutenberg #6317,ok
Literature,Voyaging,The Cruise of the Cachalot Round the World After Sperm Whales,Frank T. Bullen,EPUB,https://www.gutenberg.org/cache/epub/1356/pg1356-images.epub,verified; Project Gutenberg #1356,ok
Literature,Voyaging,The Cruise of the Snark,Jack London,EPUB,https://www.gutenberg.org/cache/epub/2512/pg2512-images.epub,verified; Project Gutenberg #2512,ok
Literature,Voyaging,The Voyage of the Beagle,Charles Darwin,EPUB,https://www.gutenberg.org/cache/epub/944/pg944-images.epub,verified; Project Gutenberg #944,ok
Literature,Voyaging,Two Years Before the Mast,Richard Henry Dana Jr.,EPUB,https://www.gutenberg.org/cache/epub/2055/pg2055-images.epub,verified; Project Gutenberg #2055,ok
Offline Library,Appropriate Technology,Appropedia (maxi),Kiwix/Appropedia,ZIM,https://download.kiwix.org/zim/other/appropedia_en_all_maxi_2026-02.zim,"verified; 2026-02 edition, 555M",ok
Offline Library,Books,Project Gutenberg English library,Kiwix/Project Gutenberg,ZIM,https://download.kiwix.org/zim/gutenberg/gutenberg_en_all_2025-11.zim,"verified; 2025-11 edition, 206G",ok
Offline Library,Country Reference,The World Factbook,Kiwix/CIA,ZIM,https://download.kiwix.org/zim/other/theworldfactbook_en_all_2026-02.zim,"verified; 2026-02 edition, 388M",ok
Offline Library,Dictionary,Wiktionary English (no pictures),Kiwix/Wikimedia,ZIM,https://download.kiwix.org/zim/wiktionary/wiktionary_en_all_nopic_2026-08.zim,"verified; 2026-08 edition, 8.5G",ok
Offline Library,Encyclopedia,"Wikipedia English (all, maxi with images)",Kiwix/Wikimedia,ZIM,https://download.kiwix.org/zim/wikipedia/wikipedia_en_all_maxi_2026-08.zim,"verified; 2026-08 edition, 119G",ok
Offline Library,Encyclopedia,"Wikipedia English (all, no pictures)",Kiwix/Wikimedia,ZIM,https://download.kiwix.org/zim/wikipedia/wikipedia_en_all_nopic_2026-06.zim,"verified; 2026-06 edition, 49G",ok
Offline Library,Encyclopedia,"Wikipedia English (mini, intro sections)",Kiwix/Wikimedia,ZIM,https://download.kiwix.org/zim/wikipedia/wikipedia_en_all_mini_2026-09.zim,"verified; 2026-09 edition, 13G",ok
Offline Library,Food,Zimgit Food Preparation collection,Kiwix/zimgit,ZIM,https://download.kiwix.org/zim/other/zimgit-food-preparation_en_2025-04.zim,"verified; 2025-04 edition, 93M",ok
Offline Library,Knots,Zimgit Knots collection,Kiwix/zimgit,ZIM,https://download.kiwix.org/zim/other/zimgit-knots_en_2024-08.zim,"verified; 2024-08 edition, 27M",ok
Offline Library,Medical,WikiMed medical encyclopedia (mdwiki maxi),Kiwix/WikiProject Medicine,ZIM,https://download.kiwix.org/zim/other/mdwiki_en_all_maxi_2025-11.zim,"verified; 2025-11 edition, 2.1G",ok
Offline Library,Medical,Zimgit Medicine collection,Kiwix/zimgit,ZIM,https://download.kiwix.org/zim/other/zimgit-medicine_en_2024-08.zim,"verified; 2024-08 edition, 67M",ok
Offline Library,Q&A,Amateur Radio Stack Exchange,Kiwix/Stack Exchange,ZIM,https://download.kiwix.org/zim/stack_exchange/ham.stackexchange.com_en_all_2026-08.zim,"verified; 2026-08 edition, 72M",ok
Offline Library,Q&A,Home Improvement (DIY) Stack Exchange,Kiwix/Stack Exchange,ZIM,https://download.kiwix.org/zim/stack_exchange/diy.stackexchange.com_en_all_2026-08.zim,"verified; 2026-08 edition, 1.9G",ok
Offline Library,Q&A,Motor Vehicle Maintenance Stack Exchange,Kiwix/Stack Exchange,ZIM,https://download.kiwix.org/zim/stack_exchange/mechanics.stackexchange.com_en_all_2026-08.zim,"verified; 2026-08 edition, 324M; engine/diesel help",ok
Offline Library,Q&A,The Great Outdoors Stack Exchange,Kiwix/Stack Exchange,ZIM,https://download.kiwix.org/zim/stack_exchange/outdoors.stackexchange.com_en_all_2026-08.zim,"verified; 2026-08 edition, 135M",ok
Offline Library,Q&A,Travel Stack Exchange,Kiwix/Stack Exchange,ZIM,https://download.kiwix.org/zim/stack_exchange/travel.stackexchange.com_en_all_2026-08.zim,"verified; 2026-08 edition, 439M; visas/immigration",ok
Offline Library,Repair,iFixit repair guides English,Kiwix/iFixit,ZIM,https://download.kiwix.org/zim/ifixit/ifixit_en_all_2025-12.zim,"verified; 2025-12 edition, 3.3G",ok
Offline Library,Survival,Zimgit Post-Disaster collection,Kiwix/zimgit,ZIM,https://download.kiwix.org/zim/other/zimgit-post-disaster_en_2024-05.zim,"verified; 2024-05 edition, 615M",ok
Offline Library,Textbooks,Wikibooks English (maxi),Kiwix/Wikimedia,ZIM,https://download.kiwix.org/zim/wikibooks/wikibooks_en_all_maxi_2026-04.zim,"verified; 2026-04 edition, 5.8G",ok
Offline Library,Travel,Wikivoyage English (maxi),Kiwix/Wikimedia,ZIM,https://download.kiwix.org/zim/wikivoyage/wikivoyage_en_all_maxi_2026-09.zim,"verified; 2026-09 edition, 1.0G",ok
Offline Library,Travel,Wikivoyage English (no pictures),Kiwix/Wikimedia,ZIM,https://download.kiwix.org/zim/wikivoyage/wikivoyage_en_all_nopic_2026-09.zim,"verified; 2026-09 edition, 260M",ok
Offline Library,Water,Zimgit Water collection,Kiwix/zimgit,ZIM,https://download.kiwix.org/zim/other/zimgit-water_en_2024-08.zim,"verified; 2024-08 edition, 20M",ok
